,Name,Exp,Season,Age,Tm,Lg,Pos,G,GS,MP,FG,FGA,FG%,3P,3PA,3P%,2P,2PA,2P%,eFG%,FT,FTA,FT%,ORB,DRB,TRB,AST,STL,BLK,TOV,PF,PTS
0,Dwayne Bacon,1,2017-18,22.0,CHO,NBA,SG,53.0,6.0,13.5,1.4,3.6,0.375,0.2,0.8,0.256,1.2,2.8,0.409,0.404,0.4,0.5,0.8,0.1,2.3,2.3,0.7,0.3,0.0,0.4,0.9,3.3
1,Dwayne Bacon,2,2018-19,23.0,CHO,NBA,SG,43.0,13.0,17.7,2.8,6.0,0.475,0.9,2.0,0.437,2.0,4.0,0.494,0.549,0.8,1.1,0.739,0.2,1.9,2.1,1.1,0.3,0.1,0.4,1.7,7.3
2,Dwayne Bacon,3,2019-20,24.0,CHO,NBA,SG,39.0,11.0,17.6,2.2,6.3,0.348,0.5,1.7,0.284,1.7,4.5,0.373,0.387,0.9,1.4,0.66,0.4,2.2,2.6,1.3,0.6,0.1,0.9,1.3,5.7
3,Dwayne Bacon,4,2020-21,25.0,ORL,NBA,SG,72.0,50.0,25.7,4.1,10.1,0.402,0.8,2.9,0.285,3.2,7.2,0.449,0.443,2.0,2.4,0.824,0.4,2.7,3.1,1.3,0.6,0.1,0.6,1.4,10.9
4,Marvin Bagley III,1,2018-19,19.0,SAC,NBA,PF,62.0,4.0,25.3,5.7,11.4,0.504,0.5,1.5,0.313,5.3,9.8,0.534,0.525,2.9,4.2,0.691,2.6,5.0,7.6,1.0,0.5,1.0,1.6,1.9,14.9
5,Marvin Bagley III,2,2019-20,20.0,SAC,NBA,C,13.0,6.0,25.7,6.0,12.8,0.467,0.3,1.7,0.182,5.7,11.2,0.51,0.479,1.9,2.4,0.806,2.2,5.2,7.5,0.8,0.5,0.9,1.4,3.3,14.2
6,Marvin Bagley III,3,2020-21,21.0,SAC,NBA,PF,43.0,42.0,25.9,5.7,11.4,0.504,0.9,2.5,0.343,4.9,8.9,0.55,0.542,1.8,3.1,0.575,2.5,4.9,7.4,1.0,0.5,0.5,1.4,2.3,14.1
7,Marvin Bagley III,4,2021-22,22.0,TOT,NBA,PF,48.0,25.0,23.9,4.7,9.3,0.504,0.5,2.0,0.237,4.2,7.3,0.579,0.53,1.4,2.1,0.663,2.2,4.9,7.0,0.8,0.5,0.4,0.8,1.9,11.3
8,Marvin Bagley III,5,2021-22,22.0,SAC,NBA,PF,30.0,17.0,21.9,3.8,8.2,0.463,0.5,2.1,0.242,3.3,6.1,0.538,0.494,1.2,1.6,0.745,2.2,4.9,7.2,0.6,0.3,0.4,0.7,1.7,9.3
9,Marvin Bagley III,6,2021-22,22.0,DET,NBA,PF,18.0,8.0,27.2,6.2,11.1,0.555,0.4,1.9,0.229,5.7,9.2,0.624,0.575,1.8,3.0,0.593,2.1,4.7,6.8,1.1,0.7,0.4,1.0,2.4,14.6
10,Marvin Bagley III,7,2022-23,23.0,DET,NBA,PF,3.0,2.0,23.3,3.0,7.0,0.429,0.3,1.3,0.25,2.7,5.7,0.471,0.452,1.7,1.7,1.0,2.3,3.3,5.7,0.3,0.3,0.7,1.3,2.0,8.0
11,Patrick Baldwin Jr.,1,2022-23,20.0,GSW,NBA,SF,2,0,2.5,0.0,0.5,0.0,0.0,0.5,0.0,0.0,0.0,,0.0,0.0,0.0,,0.0,0.0,0.0,0.0,0.0,0.0,0.0,0.0,0.0
12,Wade Baldwin,1,2016-17,20.0,MEM,NBA,PG,33.0,1.0,12.3,1.1,3.5,0.313,0.1,0.7,0.136,1.0,2.8,0.355,0.326,0.9,1.1,0.838,0.3,1.1,1.4,1.8,0.5,0.2,1.2,1.2,3.2
13,Wade Baldwin,2,2017-18,21.0,POR,NBA,PG,7.0,0.0,11.4,2.0,3.0,0.667,0.6,0.7,0.8,1.4,2.3,0.625,0.762,0.9,1.4,0.6,0.1,1.0,1.1,0.7,0.3,0.1,0.6,1.7,5.4
14,Wade Baldwin,3,2018-19,22.0,POR,NBA,PG,16.0,0.0,5.9,0.6,2.1,0.303,0.1,0.6,0.222,0.5,1.5,0.333,0.333,0.5,0.7,0.727,0.1,0.8,0.9,0.8,0.1,0.1,0.9,0.7,1.9
15,LaMelo Ball,1,2020-21,19.0,CHO,NBA,PG,51,31,28.8,5.7,13.2,0.436,1.8,5.1,0.352,3.9,8.1,0.489,0.504,2.5,3.2,0.758,1.2,4.7,5.9,6.1,1.6,0.4,2.8,2.7,15.7
16,LaMelo Ball,2,2021-22,20.0,CHO,NBA,PG,75,75,32.3,7.2,16.7,0.429,2.9,7.5,0.389,4.2,9.2,0.462,0.517,2.8,3.2,0.872,1.4,5.2,6.7,7.6,1.6,0.4,3.3,3.2,20.1
17,LaMelo Ball,3,2022-23,21.0,CHO,NBA,PG,3,3,32.7,7.3,17.7,0.415,3.3,10.7,0.313,4.0,7.0,0.571,0.509,1.3,1.7,0.8,0.0,3.7,3.7,7.0,1.0,0.3,3.7,2.7,19.3
18,Lonzo Ball,1,2017-18,20.0,LAL,NBA,PG,52.0,50.0,34.2,3.9,10.8,0.36,1.7,5.7,0.305,2.2,5.2,0.42,0.44,0.6,1.4,0.451,1.3,5.6,6.9,7.2,1.7,0.8,2.6,2.3,10.2
19,Lonzo Ball,2,2018-19,21.0,LAL,NBA,PG,47.0,45.0,30.3,3.9,9.7,0.406,1.6,4.9,0.329,2.3,4.9,0.482,0.488,0.4,1.0,0.417,1.1,4.2,5.3,5.4,1.5,0.4,2.2,2.4,9.9
20,Lonzo Ball,3,2019-20,22.0,NOP,NBA,PG,63.0,54.0,32.1,4.4,10.9,0.403,2.3,6.3,0.375,2.0,4.6,0.442,0.511,0.7,1.2,0.566,1.1,5.0,6.1,7.0,1.4,0.6,3.1,2.0,11.8
21,Lonzo Ball,4,2020-21,23.0,NOP,NBA,PG,55.0,55.0,31.8,5.3,12.7,0.414,3.1,8.3,0.378,2.1,4.5,0.482,0.537,0.9,1.2,0.781,0.6,4.2,4.8,5.7,1.5,0.6,2.2,1.9,14.6
22,Lonzo Ball,5,2021-22,24.0,CHI,NBA,PG,35.0,35.0,34.6,4.6,10.9,0.423,3.1,7.4,0.423,1.5,3.5,0.423,0.567,0.6,0.8,0.75,1.0,4.4,5.4,5.1,1.8,0.9,2.3,2.4,13.0
23,Mo Bamba,1,2018-19,20.0,ORL,NBA,C,47,1,16.3,2.5,5.2,0.481,0.4,1.5,0.3,2.0,3.7,0.555,0.525,0.8,1.3,0.587,1.4,3.6,5.0,0.8,0.3,1.4,0.9,2.2,6.2
24,Mo Bamba,2,2019-20,21.0,ORL,NBA,C,62,0,14.2,2.1,4.6,0.462,0.6,1.7,0.346,1.5,2.9,0.531,0.526,0.5,0.7,0.674,1.6,3.3,4.9,0.7,0.4,1.4,0.7,1.9,5.4
25,Mo Bamba,3,2020-21,22.0,ORL,NBA,C,46,5,15.8,3.1,6.5,0.472,0.8,2.6,0.322,2.3,4.0,0.568,0.535,1.0,1.4,0.682,1.7,4.1,5.8,0.8,0.3,1.3,0.8,1.9,8.0
26,Mo Bamba,4,2021-22,23.0,ORL,NBA,C,71,69,25.7,4.2,8.7,0.48,1.5,4.0,0.381,2.7,4.7,0.563,0.566,0.8,1.0,0.781,2.1,6.0,8.1,1.2,0.5,1.7,1.1,2.6,10.6
27,Mo Bamba,5,2022-23,24.0,ORL,NBA,C,14,1,16.1,2.8,5.7,0.488,0.6,2.4,0.265,2.1,3.3,0.652,0.544,0.7,1.1,0.625,1.3,3.3,4.6,1.1,0.1,0.7,0.8,2.1,6.9
28,Paolo Banchero,1,2022-23,20.0,ORL,NBA,PF,11,11,34.6,8.1,17.5,0.461,1.0,3.9,0.256,7.1,13.6,0.52,0.49,6.4,8.3,0.769,0.8,7.5,8.3,3.6,0.7,0.9,3.0,2.4,23.5
29,Desmond Bane,1,2020-21,22.0,MEM,NBA,SG,68,17,22.3,3.4,7.3,0.469,1.7,4.0,0.432,1.7,3.4,0.513,0.586,0.6,0.7,0.816,0.5,2.6,3.1,1.7,0.6,0.2,0.9,1.8,9.2
30,Desmond Bane,2,2021-22,23.0,MEM,NBA,SG,76,76,29.8,6.7,14.5,0.461,3.0,6.9,0.436,3.7,7.6,0.484,0.565,1.8,2.0,0.903,0.6,3.8,4.4,2.7,1.2,0.4,1.5,2.6,18.2
31,Desmond Bane,3,2022-23,24.0,MEM,NBA,SG,12,12,33.6,8.3,17.8,0.465,3.8,8.5,0.451,4.4,9.3,0.477,0.573,4.3,4.8,0.912,0.5,4.4,4.9,4.8,0.6,0.3,2.3,2.4,24.7
32,Dalano Banton,1,2021-22,22.0,TOR,NBA,PG,64,1,10.9,1.3,3.2,0.411,0.2,0.8,0.255,1.1,2.4,0.464,0.443,0.4,0.7,0.591,0.6,1.3,1.9,1.5,0.4,0.2,0.8,1.1,3.2
33,Dalano Banton,2,2022-23,23.0,TOR,NBA,PG,15,2,11.2,2.3,5.5,0.427,0.8,2.5,0.324,1.5,3.0,0.511,0.5,0.9,1.1,0.875,0.5,0.9,1.3,1.1,0.6,0.7,0.7,1.1,6.4
34,Cat Barber,1,2021-22,27.0,ATL,NBA,PG,3,0,4.3,0.0,1.3,0.0,0.0,0.0,,0.0,1.3,0.0,0.0,0.0,1.3,0.0,0.3,0.7,1.0,1.0,0.0,0.0,0.3,0.3,0.0
35,Dominick Barlow,1,2022-23,19.0,SAS,NBA,SF,1,0,10.0,1.0,3.0,0.333,0.0,2.0,0.0,1.0,1.0,1.0,0.333,0.0,0.0,,0.0,1.0,1.0,3.0,0.0,0.0,0.0,2.0,2.0
36,Harrison Barnes,1,2012-13,20.0,GSW,NBA,SF,81.0,81.0,25.4,3.4,7.8,0.439,0.6,1.8,0.359,2.8,6.0,0.464,0.481,1.8,2.3,0.758,0.7,3.5,4.1,1.2,0.6,0.2,1.2,1.7,9.2
37,Harrison Barnes,2,2013-14,21.0,GSW,NBA,SF,78.0,24.0,28.3,3.5,8.7,0.399,0.8,2.4,0.347,2.6,6.3,0.419,0.448,1.7,2.3,0.718,0.8,3.1,4.0,1.5,0.8,0.3,1.1,2.0,9.5
38,Harrison Barnes,3,2014-15,22.0,GSW,NBA,SF,82.0,82.0,28.3,3.9,8.0,0.482,1.1,2.6,0.405,2.8,5.4,0.519,0.548,1.3,1.8,0.72,1.4,4.1,5.5,1.4,0.7,0.2,0.9,1.8,10.1
39,Harrison Barnes,4,2015-16,23.0,GSW,NBA,SF,66.0,59.0,30.9,4.5,9.6,0.466,1.2,3.2,0.383,3.2,6.3,0.508,0.531,1.5,2.0,0.761,1.2,3.8,4.9,1.8,0.6,0.2,0.9,2.1,11.7
40,Harrison Barnes,5,2016-17,24.0,DAL,NBA,PF,79.0,79.0,35.5,7.6,16.2,0.468,1.0,2.8,0.351,6.6,13.4,0.492,0.498,3.1,3.6,0.861,1.2,3.8,5.0,1.5,0.8,0.2,1.3,1.6,19.2
41,Harrison Barnes,6,2017-18,25.0,DAL,NBA,PF,77.0,77.0,34.2,7.0,15.7,0.445,1.5,4.3,0.357,5.4,11.4,0.478,0.494,3.4,4.1,0.827,1.0,5.1,6.1,2.0,0.6,0.2,1.5,1.2,18.9
42,Harrison Barnes,7,2018-19,26.0,TOT,NBA,"PF,SF",77.0,77.0,32.9,5.6,13.3,0.42,2.3,5.7,0.395,3.3,7.6,0.439,0.504,3.0,3.6,0.824,0.7,3.9,4.7,1.5,0.6,0.2,1.3,1.6,16.4
43,Harrison Barnes,8,2018-19,26.0,DAL,NBA,PF,49.0,49.0,32.3,5.9,14.6,0.404,2.5,6.3,0.389,3.4,8.3,0.416,0.489,3.4,4.0,0.833,0.7,3.5,4.2,1.3,0.7,0.2,1.4,1.6,17.7
44,Harrison Barnes,9,2018-19,26.0,SAC,NBA,SF,28.0,28.0,33.9,5.0,11.1,0.455,1.9,4.6,0.408,3.1,6.4,0.489,0.54,2.3,2.9,0.8,0.8,4.8,5.5,1.9,0.6,0.1,1.1,1.5,14.3
45,Harrison Barnes,10,2019-20,27.0,SAC,NBA,PF,72.0,72.0,34.5,5.1,11.0,0.46,1.4,3.7,0.381,3.7,7.3,0.501,0.525,3.0,3.7,0.801,1.1,3.9,4.9,2.2,0.6,0.2,1.2,1.3,14.5
46,Harrison Barnes,11,2020-21,28.0,SAC,NBA,PF,58.0,58.0,36.2,5.5,11.1,0.497,1.7,4.4,0.391,3.8,6.7,0.567,0.575,3.4,4.1,0.83,1.1,5.5,6.6,3.5,0.7,0.2,1.6,1.3,16.1
47,Harrison Barnes,12,2021-22,29.0,SAC,NBA,PF,77.0,77.0,33.6,5.1,10.8,0.469,1.8,4.7,0.394,3.2,6.2,0.525,0.554,4.4,5.4,0.826,1.1,4.5,5.6,2.4,0.7,0.2,1.5,1.2,16.4
48,Harrison Barnes,13,2022-23,30.0,SAC,NBA,PF,14.0,14.0,30.9,3.6,8.1,0.439,0.9,3.4,0.255,2.7,4.8,0.567,0.491,3.6,4.4,0.836,1.1,4.4,5.5,2.1,0.9,0.2,1.0,1.4,11.6
49,Scottie Barnes,1,2021-22,20.0,TOR,NBA,PF,74,74,35.4,6.2,12.6,0.492,0.8,2.6,0.301,5.4,10.0,0.543,0.524,2.1,2.9,0.735,2.6,4.9,7.5,3.5,1.1,0.7,1.8,2.6,15.3
50,Scottie Barnes,2,2022-23,21.0,TOR,NBA,PF,15,15,32.7,5.7,12.7,0.447,1.2,3.6,0.333,4.5,9.1,0.493,0.495,1.2,1.7,0.72,1.9,4.6,6.5,4.9,0.9,0.7,2.2,1.5,13.7
51,RJ Barrett,1,2019-20,19.0,NYK,NBA,SG,56,55,30.4,5.2,13.0,0.402,1.1,3.5,0.32,4.1,9.5,0.432,0.445,2.8,4.5,0.614,0.9,4.1,5.0,2.6,1.0,0.3,2.2,2.2,14.3
52,RJ Barrett,2,2020-21,20.0,NYK,NBA,SG,72,72,34.9,6.5,14.7,0.441,1.7,4.3,0.401,4.8,10.4,0.457,0.499,2.9,3.8,0.746,0.9,4.8,5.8,3.0,0.7,0.3,1.9,2.6,17.6
53,RJ Barrett,3,2021-22,21.0,NYK,NBA,SF,70,70,34.5,7.0,17.1,0.408,2.0,5.8,0.342,5.0,11.3,0.442,0.466,4.1,5.8,0.714,0.9,4.9,5.8,3.0,0.6,0.2,2.2,2.0,20.0
54,RJ Barrett,4,2022-23,22.0,NYK,NBA,SG,15,15,34.0,6.5,16.3,0.402,1.5,5.7,0.256,5.1,10.5,0.481,0.447,3.8,5.1,0.74,0.9,4.2,5.1,2.9,0.5,0.1,2.1,2.2,18.3
55,Will Barton,1,2012-13,22.0,POR,NBA,SG,73.0,5.0,12.2,1.6,4.2,0.382,0.1,0.9,0.138,1.5,3.3,0.447,0.396,0.7,0.9,0.769,0.5,1.5,2.0,0.8,0.5,0.1,0.8,0.8,4.0
56,Will Barton,2,2013-14,23.0,POR,NBA,SG,41.0,0.0,9.4,1.6,3.8,0.417,0.2,0.8,0.303,1.3,3.0,0.447,0.449,0.6,0.8,0.813,0.4,1.4,1.8,0.8,0.2,0.2,0.4,0.8,4.0
57,Will Barton,3,2014-15,24.0,TOT,NBA,SG,58.0,0.0,16.9,2.6,6.1,0.425,0.4,1.5,0.271,2.2,4.6,0.474,0.458,1.3,1.6,0.787,0.4,2.3,2.8,1.4,0.8,0.3,1.1,1.2,6.8
58,Will Barton,4,2014-15,24.0,POR,NBA,SG,30.0,0.0,10.0,1.3,3.3,0.38,0.1,0.6,0.222,1.1,2.7,0.415,0.4,0.3,0.5,0.667,0.1,1.0,1.1,0.9,0.5,0.1,0.6,0.7,3.0
59,Will Barton,5,2014-15,24.0,DEN,NBA,SG,28.0,0.0,24.4,4.0,9.0,0.443,0.7,2.4,0.284,3.3,6.6,0.5,0.48,2.3,2.8,0.81,0.8,3.8,4.6,1.9,1.2,0.5,1.6,1.8,11.0
60,Will Barton,6,2015-16,25.0,DEN,NBA,SG,82.0,1.0,28.7,5.2,12.0,0.432,1.4,4.0,0.345,3.8,8.0,0.476,0.489,2.6,3.3,0.806,0.7,5.1,5.8,2.5,0.9,0.5,1.7,1.8,14.4
61,Will Barton,7,2016-17,26.0,DEN,NBA,SG,60.0,19.0,28.4,4.9,11.1,0.443,1.5,3.9,0.37,3.5,7.2,0.483,0.508,2.4,3.2,0.753,1.0,3.4,4.3,3.4,0.8,0.5,1.6,1.8,13.7
62,Will Barton,8,2017-18,27.0,DEN,NBA,SG,81.0,40.0,33.1,5.7,12.7,0.452,1.9,5.2,0.37,3.8,7.5,0.51,0.528,2.2,2.8,0.805,0.9,4.2,5.0,4.1,1.0,0.6,1.8,2.1,15.7
63,Will Barton,9,2018-19,28.0,DEN,NBA,SF,43.0,38.0,27.7,4.3,10.7,0.402,1.6,4.6,0.342,2.7,6.1,0.447,0.475,1.3,1.7,0.77,0.7,3.9,4.6,2.9,0.4,0.5,1.5,1.9,11.5
64,Will Barton,10,2019-20,29.0,DEN,NBA,SF,58.0,58.0,33.0,5.7,12.7,0.45,1.9,5.0,0.375,3.9,7.8,0.498,0.523,1.8,2.3,0.767,1.3,5.0,6.3,3.7,1.1,0.5,1.5,2.1,15.1
65,Will Barton,11,2020-21,30.0,DEN,NBA,SF,56.0,52.0,31.0,4.6,10.9,0.426,1.8,4.6,0.381,2.9,6.3,0.459,0.507,1.7,2.2,0.785,0.7,3.3,4.0,3.2,0.9,0.4,1.7,1.7,12.7
66,Will Barton,12,2021-22,31.0,DEN,NBA,SG,71.0,71.0,32.1,5.5,12.6,0.438,2.2,6.1,0.365,3.3,6.6,0.504,0.525,1.4,1.8,0.803,0.6,4.2,4.8,3.9,0.8,0.4,1.8,1.6,14.7
67,Will Barton,13,2022-23,32.0,WAS,NBA,SG,15.0,0.0,23.3,3.3,8.5,0.386,1.3,3.9,0.345,1.9,4.6,0.42,0.465,0.9,1.0,0.933,0.4,2.9,3.3,2.5,0.5,0.3,1.2,1.3,8.8
68,Paris Bass,1,2021-22,26.0,PHO,NBA,SF,2,0,3.5,1.0,3.0,0.333,0.0,1.0,0.0,1.0,2.0,0.5,0.333,1.0,1.0,1.0,1.0,1.0,2.0,0.0,0.5,0.0,1.0,1.0,3.0
69,Charles Bassey,1,2021-22,21.0,PHI,NBA,C,23.0,0.0,7.3,1.3,2.0,0.638,0.0,0.2,0.0,1.3,1.9,0.698,0.638,0.4,0.5,0.75,1.0,1.7,2.7,0.3,0.2,0.7,0.3,1.4,3.0
70,Charles Bassey,2,2022-23,22.0,SAS,NBA,C,7.0,0.0,16.3,2.6,3.9,0.667,0.3,0.7,0.4,2.3,3.1,0.727,0.704,0.7,0.9,0.833,2.4,4.1,6.6,1.9,0.6,1.6,2.0,3.0,6.1
71,Keita Bates-Diop,1,2018-19,23.0,MIN,NBA,SF,30.0,3.0,16.8,2.0,4.7,0.423,0.4,1.7,0.25,1.6,3.0,0.522,0.468,0.6,0.9,0.643,0.5,2.2,2.8,0.6,0.6,0.5,0.5,1.0,5.0
72,Keita Bates-Diop,2,2019-20,24.0,TOT,NBA,"PF,SF",44.0,0.0,16.9,2.3,5.3,0.427,0.8,2.3,0.33,1.5,3.0,0.504,0.5,1.2,1.7,0.72,0.6,2.3,2.9,0.7,0.4,0.5,0.4,1.0,6.5
73,Keita Bates-Diop,3,2019-20,24.0,MIN,NBA,PF,37.0,0.0,17.5,2.4,5.6,0.422,0.8,2.5,0.33,1.5,3.0,0.5,0.498,1.2,1.8,0.708,0.6,2.4,3.0,0.8,0.5,0.5,0.4,1.0,6.8
74,Keita Bates-Diop,4,2019-20,24.0,DEN,NBA,SF,7.0,0.0,14.0,1.9,4.0,0.464,0.4,1.3,0.333,1.4,2.7,0.526,0.518,1.1,1.4,0.8,0.6,1.9,2.4,0.0,0.3,0.6,0.4,1.0,5.3
75,Keita Bates-Diop,5,2020-21,25.0,SAS,NBA,SF,30.0,0.0,8.2,1.0,2.2,0.448,0.2,0.6,0.294,0.8,1.7,0.5,0.485,0.5,0.7,0.667,0.3,1.3,1.6,0.4,0.4,0.2,0.2,0.4,2.6
76,Keita Bates-Diop,6,2021-22,26.0,SAS,NBA,SF,59.0,14.0,16.2,2.3,4.5,0.517,0.3,0.9,0.309,2.0,3.5,0.572,0.549,0.8,1.0,0.754,1.1,2.9,3.9,0.7,0.5,0.2,0.8,1.0,5.7
77,Keita Bates-Diop,7,2022-23,27.0,SAS,NBA,SF,15.0,4.0,15.7,3.1,5.9,0.528,0.4,1.4,0.286,2.7,4.5,0.603,0.562,1.2,1.5,0.818,1.4,1.5,2.9,0.7,0.6,0.1,0.9,0.6,7.9
78,Nicolas Batum,1,2008-09,20.0,POR,NBA,SF,79.0,76.0,18.4,2.0,4.6,0.446,0.8,2.1,0.369,1.3,2.4,0.513,0.532,0.5,0.7,0.808,1.1,1.7,2.8,0.9,0.6,0.5,0.6,1.8,5.4
79,Nicolas Batum,2,2009-10,21.0,POR,NBA,SF,37.0,25.0,24.8,3.8,7.2,0.519,1.5,3.6,0.409,2.3,3.7,0.625,0.619,1.2,1.4,0.843,0.9,2.9,3.8,1.2,0.6,0.7,0.7,2.2,10.1
80,Nicolas Batum,3,2010-11,22.0,POR,NBA,SF,80.0,67.0,31.5,4.6,10.1,0.455,1.5,4.3,0.345,3.1,5.8,0.535,0.528,1.7,2.1,0.841,1.4,3.2,4.5,1.5,0.9,0.6,1.0,2.4,12.4
81,Nicolas Batum,4,2011-12,23.0,POR,NBA,SF,59.0,34.0,30.4,4.9,10.9,0.451,1.8,4.6,0.391,3.1,6.2,0.496,0.534,2.3,2.7,0.836,1.4,3.2,4.6,1.4,1.0,1.0,1.5,1.8,13.9
82,Nicolas Batum,5,2012-13,24.0,POR,NBA,SF,73.0,73.0,38.5,4.8,11.4,0.423,2.3,6.1,0.372,2.6,5.3,0.481,0.522,2.4,2.9,0.848,1.3,4.3,5.6,4.9,1.2,1.1,2.6,1.9,14.3
83,Nicolas Batum,6,2013-14,25.0,POR,NBA,SF,82.0,82.0,36.0,4.6,10.0,0.465,1.8,4.9,0.361,2.9,5.1,0.566,0.554,2.0,2.5,0.803,1.4,6.0,7.5,5.1,0.9,0.7,2.5,1.9,13.0
84,Nicolas Batum,7,2014-15,26.0,POR,NBA,SF,71.0,71.0,33.5,3.4,8.5,0.4,1.4,4.4,0.324,2.0,4.1,0.481,0.483,1.2,1.4,0.857,0.9,5.0,5.9,4.8,1.1,0.6,1.9,1.5,9.4
85,Nicolas Batum,8,2015-16,27.0,CHO,NBA,SF,70.0,70.0,35.0,5.3,12.5,0.426,2.0,5.7,0.348,3.3,6.8,0.492,0.506,2.3,2.7,0.849,0.8,5.3,6.1,5.8,0.9,0.6,2.9,1.6,14.9
86,Nicolas Batum,9,2016-17,28.0,CHO,NBA,SG,77.0,77.0,34.0,5.1,12.7,0.403,1.8,5.3,0.333,3.4,7.4,0.453,0.472,3.2,3.7,0.856,0.6,5.6,6.2,5.9,1.1,0.4,2.5,1.4,15.1
87,Nicolas Batum,10,2017-18,29.0,CHO,NBA,SG,64.0,64.0,31.0,4.2,10.2,0.415,1.4,4.3,0.336,2.8,5.9,0.473,0.486,1.7,2.0,0.831,0.9,3.9,4.8,5.5,1.0,0.4,2.0,1.1,11.6
88,Nicolas Batum,11,2018-19,30.0,CHO,NBA,SF,75.0,72.0,31.4,3.4,7.5,0.45,1.5,4.0,0.389,1.8,3.5,0.519,0.553,1.0,1.2,0.865,0.9,4.3,5.2,3.3,0.9,0.6,1.6,1.9,9.3
89,Nicolas Batum,12,2019-20,31.0,CHO,NBA,SF,22.0,3.0,23.0,1.3,3.7,0.346,0.6,2.2,0.286,0.6,1.5,0.438,0.432,0.4,0.5,0.9,1.1,3.4,4.5,3.0,0.8,0.4,1.0,1.9,3.6
90,Nicolas Batum,13,2020-21,32.0,LAC,NBA,SF,67.0,38.0,27.4,2.9,6.1,0.464,1.6,4.1,0.404,1.2,2.1,0.579,0.597,0.7,0.9,0.828,0.7,4.0,4.7,2.2,1.0,0.6,0.8,1.5,8.1
91,Nicolas Batum,14,2021-22,33.0,LAC,NBA,PF,59.0,54.0,24.8,3.0,6.6,0.463,1.8,4.6,0.4,1.2,2.0,0.607,0.602,0.4,0.6,0.658,0.5,3.8,4.3,1.7,1.0,0.7,0.7,1.4,8.3
92,Nicolas Batum,15,2022-23,34.0,LAC,NBA,PF,16.0,1.0,18.1,1.6,3.6,0.456,1.1,2.7,0.419,0.5,0.9,0.571,0.614,0.5,0.8,0.615,0.8,3.3,4.0,1.3,0.4,0.8,0.9,2.3,4.9
93,Aron Baynes,1,2012-13,26.0,SAS,NBA,C,16.0,0.0,8.8,1.1,2.3,0.5,0.0,0.1,0.0,1.1,2.2,0.514,0.5,0.4,0.8,0.583,0.8,1.3,2.0,0.3,0.1,0.4,0.7,1.4,2.7
94,Aron Baynes,2,2013-14,27.0,SAS,NBA,C,53.0,4.0,9.3,1.3,3.1,0.436,0.0,0.0,,1.3,3.1,0.436,0.436,0.4,0.4,0.905,1.1,1.7,2.7,0.6,0.0,0.1,0.7,1.5,3.0
95,Aron Baynes,3,2014-15,28.0,SAS,NBA,C,70.0,17.0,16.0,2.6,4.7,0.566,0.0,0.1,0.25,2.6,4.6,0.57,0.567,1.3,1.5,0.865,1.6,3.0,4.5,0.5,0.2,0.3,0.9,2.3,6.6
96,Aron Baynes,4,2015-16,29.0,DET,NBA,C,81.0,1.0,15.2,2.4,4.7,0.505,0.0,0.0,0.0,2.4,4.7,0.508,0.505,1.6,2.0,0.764,1.7,3.0,4.7,0.6,0.3,0.6,0.8,1.9,6.3
97,Aron Baynes,5,2016-17,30.0,DET,NBA,C,75.0,2.0,15.5,1.9,3.7,0.513,0.0,0.0,,1.9,3.7,0.513,0.513,1.1,1.3,0.84,1.5,3.0,4.4,0.4,0.2,0.5,0.7,2.2,4.9
98,Aron Baynes,6,2017-18,31.0,BOS,NBA,C,81.0,67.0,18.3,2.6,5.5,0.471,0.0,0.3,0.143,2.6,5.2,0.487,0.474,0.7,1.0,0.756,1.6,3.8,5.4,1.1,0.3,0.6,1.0,2.5,6.0
99,Aron Baynes,7,2018-19,32.0,BOS,NBA,C,51.0,18.0,16.1,2.1,4.4,0.471,0.4,1.2,0.344,1.6,3.2,0.519,0.518,1.0,1.2,0.855,1.7,3.0,4.7,1.1,0.2,0.7,0.8,2.5,5.6
100,Aron Baynes,8,2019-20,33.0,PHO,NBA,C,42.0,28.0,22.2,4.4,9.1,0.48,1.4,4.0,0.351,3.0,5.1,0.582,0.558,1.3,1.8,0.747,1.7,4.0,5.6,1.6,0.2,0.5,1.2,3.4,11.5
101,Aron Baynes,9,2020-21,34.0,TOR,NBA,C,53.0,31.0,18.5,2.5,5.7,0.441,0.5,1.9,0.262,2.0,3.8,0.532,0.485,0.5,0.8,0.707,1.6,3.5,5.2,0.9,0.3,0.4,0.9,2.2,6.1
102,Kent Bazemore,1,2012-13,23.0,GSW,NBA,SG,61.0,0.0,4.4,0.7,1.9,0.371,0.2,0.6,0.294,0.5,1.3,0.402,0.414,0.4,0.7,0.614,0.1,0.3,0.4,0.4,0.3,0.1,0.3,0.4,2.0
103,Kent Bazemore,2,2013-14,24.0,TOT,NBA,SG,67.0,15.0,13.6,2.2,5.1,0.429,0.6,1.9,0.336,1.6,3.2,0.484,0.491,1.0,1.6,0.606,0.1,1.6,1.7,1.4,0.6,0.2,1.2,1.5,6.0
104,Kent Bazemore,3,2013-14,24.0,GSW,NBA,SG,44.0,0.0,6.1,0.8,2.2,0.371,0.2,0.9,0.256,0.6,1.3,0.448,0.423,0.4,0.8,0.528,0.1,0.8,0.9,0.5,0.3,0.1,0.6,1.0,2.3
105,Kent Bazemore,4,2013-14,24.0,LAL,NBA,SG,23.0,15.0,28.0,4.8,10.7,0.451,1.4,3.9,0.371,3.4,6.8,0.497,0.518,2.0,3.2,0.644,0.2,3.1,3.3,3.1,1.3,0.3,2.2,2.6,13.1
106,Kent Bazemore,5,2014-15,25.0,ATL,NBA,SG,75.0,10.0,17.7,1.9,4.4,0.426,0.6,1.8,0.364,1.2,2.7,0.467,0.498,0.8,1.3,0.6,0.3,2.7,3.0,1.0,0.7,0.4,1.0,1.7,5.2
107,Kent Bazemore,6,2015-16,26.0,ATL,NBA,SF,75.0,68.0,27.8,4.3,9.7,0.441,1.5,4.1,0.357,2.8,5.6,0.502,0.517,1.6,2.0,0.815,0.4,4.7,5.1,2.3,1.3,0.5,1.8,2.3,11.6
108,Kent Bazemore,7,2016-17,27.0,ATL,NBA,SF,73.0,64.0,26.9,4.0,9.9,0.409,1.3,3.6,0.346,2.8,6.2,0.446,0.473,1.6,2.3,0.708,0.6,2.5,3.2,2.4,1.2,0.7,1.7,2.3,11.0
109,Kent Bazemore,8,2017-18,28.0,ATL,NBA,SG,65.0,65.0,27.5,4.4,10.4,0.42,1.7,4.2,0.394,2.7,6.2,0.438,0.5,2.5,3.1,0.796,0.4,3.4,3.8,3.5,1.5,0.7,2.4,2.3,12.9
110,Kent Bazemore,9,2018-19,29.0,ATL,NBA,SG,67.0,35.0,24.5,4.1,10.3,0.402,1.4,4.5,0.32,2.7,5.8,0.465,0.472,1.9,2.6,0.726,0.6,3.3,3.9,2.3,1.3,0.6,1.8,2.5,11.6
111,Kent Bazemore,10,2019-20,30.0,TOT,NBA,SF,68.0,21.0,24.8,2.9,7.9,0.375,1.2,3.6,0.344,1.7,4.3,0.4,0.453,1.7,2.2,0.769,0.4,3.9,4.3,1.4,1.1,0.6,1.3,2.9,8.8
112,Kent Bazemore,11,2019-20,30.0,POR,NBA,SF,43.0,21.0,25.8,2.6,7.6,0.347,1.3,4.0,0.327,1.3,3.6,0.368,0.433,1.3,1.7,0.806,0.3,3.7,4.0,1.4,1.0,0.7,1.4,2.8,7.9
113,Kent Bazemore,12,2019-20,30.0,SAC,NBA,SF,25.0,0.0,23.1,3.5,8.3,0.418,1.1,2.9,0.384,2.4,5.4,0.437,0.486,2.2,3.0,0.733,0.6,4.3,4.9,1.3,1.2,0.4,1.2,3.0,10.3
114,Kent Bazemore,13,2020-21,31.0,GSW,NBA,SF,67.0,18.0,19.9,2.6,5.9,0.449,1.1,2.7,0.408,1.5,3.1,0.486,0.545,0.8,1.2,0.692,0.4,3.0,3.4,1.6,1.0,0.5,1.2,2.4,7.2
115,Kent Bazemore,14,2021-22,32.0,LAL,NBA,SF,39.0,14.0,14.0,1.2,3.6,0.324,0.7,2.1,0.363,0.4,1.5,0.271,0.428,0.3,0.4,0.765,0.3,1.4,1.8,0.9,0.6,0.2,0.5,1.8,3.4
116,Darius Bazley,1,2019-20,19.0,OKC,NBA,PF,61,9,18.5,2.0,5.2,0.394,0.8,2.3,0.348,1.2,2.9,0.432,0.472,0.7,1.0,0.694,0.5,3.5,4.0,0.7,0.4,0.7,0.7,0.9,5.6
117,Darius Bazley,2,2020-21,20.0,OKC,NBA,PF,55,55,31.2,5.0,12.5,0.396,1.5,5.2,0.29,3.5,7.3,0.47,0.456,2.3,3.2,0.702,0.9,6.3,7.2,1.8,0.5,0.5,2.2,1.1,13.7
118,Darius Bazley,3,2021-22,21.0,OKC,NBA,PF,69,53,27.9,4.0,9.4,0.422,1.2,3.9,0.297,2.8,5.5,0.511,0.484,1.7,2.5,0.688,1.0,5.3,6.3,1.4,0.8,1.0,1.3,1.0,10.8
119,Darius Bazley,4,2022-23,22.0,OKC,NBA,PF,11,0,16.7,2.5,5.8,0.422,0.6,1.6,0.389,1.8,4.2,0.435,0.477,0.5,1.0,0.455,1.6,3.1,4.7,1.5,0.8,1.3,0.5,1.5,6.0
120,Bradley Beal,1,2012-13,19.0,WAS,NBA,SG,56,46,31.2,5.0,12.3,0.41,1.6,4.2,0.386,3.4,8.1,0.424,0.477,2.2,2.8,0.786,0.8,3.0,3.8,2.4,0.9,0.5,1.6,2.0,13.9
121,Bradley Beal,2,2013-14,20.0,WAS,NBA,SG,73,73,34.7,6.6,15.7,0.419,1.9,4.7,0.402,4.7,11.0,0.426,0.479,2.0,2.6,0.788,0.7,3.0,3.7,3.3,1.0,0.2,1.8,2.1,17.1
122,Bradley Beal,3,2014-15,21.0,WAS,NBA,SG,63,59,33.4,5.8,13.5,0.427,1.7,4.1,0.409,4.1,9.4,0.434,0.489,2.1,2.6,0.783,0.9,2.9,3.8,3.1,1.2,0.3,2.0,2.2,15.3
123,Bradley Beal,4,2015-16,22.0,WAS,NBA,SG,55,35,31.1,6.5,14.5,0.449,1.9,4.9,0.387,4.6,9.6,0.481,0.515,2.5,3.2,0.767,0.7,2.7,3.4,2.9,1.0,0.2,2.0,2.1,17.4
124,Bradley Beal,5,2016-17,23.0,WAS,NBA,SG,77,77,34.9,8.3,17.2,0.482,2.9,7.2,0.404,5.4,10.0,0.538,0.566,3.7,4.4,0.825,0.7,2.4,3.1,3.5,1.1,0.3,2.0,2.2,23.1
125,Bradley Beal,6,2017-18,24.0,WAS,NBA,SG,82,82,36.3,8.3,18.1,0.46,2.4,6.5,0.375,5.9,11.6,0.507,0.527,3.6,4.5,0.791,0.7,3.7,4.4,4.5,1.2,0.4,2.6,2.0,22.6
126,Bradley Beal,7,2018-19,25.0,WAS,NBA,SG,82,82,36.9,9.3,19.6,0.475,2.5,7.3,0.351,6.8,12.4,0.548,0.54,4.4,5.5,0.808,1.1,3.9,5.0,5.5,1.5,0.7,2.7,2.8,25.6
127,Bradley Beal,8,2019-20,26.0,WAS,NBA,SG,57,57,36.0,10.4,22.9,0.455,3.0,8.4,0.353,7.4,14.4,0.515,0.52,6.8,8.0,0.842,0.9,3.3,4.2,6.1,1.2,0.4,3.4,2.2,30.5
128,Bradley Beal,9,2020-21,27.0,WAS,NBA,SG,60,60,35.8,11.2,23.0,0.485,2.2,6.2,0.349,9.0,16.8,0.535,0.532,6.8,7.7,0.889,1.2,3.5,4.7,4.4,1.2,0.4,3.1,2.3,31.3
129,Bradley Beal,10,2021-22,28.0,WAS,NBA,SG,40,40,36.0,8.7,19.3,0.451,1.6,5.3,0.3,7.1,14.0,0.508,0.492,4.2,5.1,0.833,1.0,3.8,4.7,6.6,0.9,0.4,3.4,2.4,23.2
130,Bradley Beal,11,2022-23,29.0,WAS,NBA,SG,10,10,35.3,8.3,16.2,0.512,1.5,4.4,0.341,6.8,11.8,0.576,0.559,3.8,4.1,0.927,0.8,3.0,3.8,5.7,0.9,0.8,2.5,1.9,21.9
131,Malik Beasley,1,2016-17,20.0,DEN,NBA,SG,22.0,1.0,7.5,1.5,3.3,0.452,0.4,1.3,0.321,1.1,2.0,0.533,0.514,0.4,0.5,0.8,0.2,0.5,0.8,0.5,0.3,0.0,0.4,0.5,3.8
132,Malik Beasley,2,2017-18,21.0,DEN,NBA,SG,62.0,0.0,9.4,1.2,2.9,0.41,0.5,1.3,0.341,0.7,1.5,0.469,0.489,0.4,0.5,0.667,0.2,0.9,1.1,0.5,0.2,0.1,0.4,0.6,3.2
133,Malik Beasley,3,2018-19,22.0,DEN,NBA,SG,81.0,18.0,23.2,4.3,9.1,0.474,2.0,5.0,0.402,2.3,4.1,0.56,0.584,0.7,0.8,0.848,0.4,2.0,2.5,1.2,0.7,0.1,0.7,1.4,11.3
134,Malik Beasley,4,2019-20,23.0,TOT,NBA,SG,55.0,14.0,22.0,4.1,9.7,0.425,1.9,5.0,0.388,2.2,4.7,0.465,0.525,1.0,1.2,0.818,0.3,2.4,2.7,1.4,0.7,0.1,1.0,1.4,11.2
135,Malik Beasley,5,2019-20,23.0,DEN,NBA,SG,41.0,0.0,18.2,2.9,7.3,0.389,1.4,3.9,0.36,1.4,3.4,0.421,0.485,0.8,0.9,0.868,0.2,1.7,1.9,1.2,0.8,0.1,0.9,1.2,7.9
136,Malik Beasley,6,2019-20,23.0,MIN,NBA,SG,14.0,14.0,33.1,7.9,16.6,0.472,3.5,8.2,0.426,4.4,8.4,0.517,0.577,1.5,2.0,0.75,0.6,4.4,5.1,1.9,0.6,0.1,1.5,1.9,20.7
137,Malik Beasley,7,2020-21,24.0,MIN,NBA,SG,37.0,36.0,32.8,7.1,16.2,0.44,3.5,8.7,0.399,3.7,7.5,0.487,0.547,1.8,2.2,0.85,0.8,3.6,4.4,2.4,0.8,0.2,1.6,1.7,19.6
138,Malik Beasley,8,2021-22,25.0,MIN,NBA,SG,79.0,18.0,25.0,4.2,10.8,0.391,3.0,8.1,0.377,1.2,2.7,0.432,0.532,0.6,0.8,0.817,0.3,2.5,2.9,1.5,0.5,0.2,0.5,1.1,12.1
139,Malik Beasley,9,2022-23,26.0,UTA,NBA,SG,16.0,2.0,25.4,4.4,10.3,0.427,2.8,6.8,0.417,1.6,3.5,0.446,0.564,0.8,0.8,0.923,0.7,2.8,3.5,1.1,0.9,0.2,0.8,1.1,12.3
140,Michael Beasley,1,2008-09,20.0,MIA,NBA,PF,81,19,24.8,5.6,11.8,.472,0.4,1.0,.407,5.2,10.8,.478,.490,2.3,3.0,.772,1.4,4.1,5.4,1.0,0.5,0.5,1.5,2.3,13.9
141,Michael Beasley,2,2009-10,21.0,MIA,NBA,PF,78,78,29.8,6.0,13.3,.450,0.4,1.3,.275,5.6,12.0,.469,.463,2.5,3.1,.800,1.6,4.8,6.4,1.3,1.0,0.6,1.7,2.8,14.8
142,Michael Beasley,3,2010-11,22.0,MIN,NBA,SF,73,73,32.3,7.7,17.1,.450,0.8,2.2,.366,6.9,14.8,.463,.474,3.0,4.0,.753,1.6,4.0,5.6,2.2,0.7,0.7,2.7,3.0,19.2
143,Michael Beasley,4,2011-12,23.0,MIN,NBA,SF,47,7,23.1,4.7,10.6,.445,0.8,2.1,.376,3.9,8.4,.462,.483,1.3,2.0,.642,0.8,3.6,4.4,1.0,0.4,0.4,1.7,1.8,11.5
144,Michael Beasley,5,2012-13,24.0,PHO,NBA,SF,75,20,20.7,4.1,10.2,.405,0.6,1.9,.313,3.5,8.3,.426,.434,1.3,1.7,.746,0.7,3.1,3.8,1.5,0.4,0.5,1.9,1.4,10.1
145,Michael Beasley,6,2013-14,25.0,MIA,NBA,SF,55,2,15.1,3.2,6.5,.499,0.4,1.0,.389,2.8,5.5,.518,.528,1.1,1.4,.772,0.6,2.6,3.1,0.8,0.4,0.4,1.0,1.7,7.9
146,Michael Beasley,7,2014-15,26.0,MIA,NBA,PF,24,1,21.0,3.8,8.8,.434,0.3,1.4,.235,3.5,7.4,.472,.453,0.8,1.1,.769,0.5,3.2,3.7,1.3,0.6,0.5,1.5,2.8,8.8
147,Michael Beasley,8,2015-16,27.0,HOU,NBA,PF,20,0,18.2,5.4,10.3,.522,0.2,0.5,.333,5.2,9.8,.531,.529,1.9,2.5,.776,1.5,3.5,4.9,0.8,0.6,0.5,1.2,2.0,12.8
148,Michael Beasley,9,2016-17,28.0,MIL,NBA,PF,56,6,16.7,3.9,7.3,.532,0.3,0.8,.419,3.5,6.5,.545,.554,1.4,1.9,.743,0.7,2.7,3.4,0.9,0.5,0.5,1.2,1.6,9.4
149,Michael Beasley,10,2017-18,29.0,NYK,NBA,PF,74,30,22.3,5.5,10.9,.507,0.5,1.2,.395,5.1,9.7,.520,.528,1.7,2.1,.780,1.3,4.3,5.6,1.7,0.5,0.6,1.9,2.0,13.2
150,Michael Beasley,11,2018-19,30.0,LAL,NBA,PF,26,2,10.7,2.9,5.9,.490,0.1,0.7,.176,2.8,5.2,.529,.500,1.1,1.5,.718,0.5,1.8,2.3,1.0,0.3,0.4,1.0,1.6,7.0
151,Michael Beasley,12,2019-20,31.0,Did Not Play (COVID-19—contracted voided due to positive test),Did Not Play (COVID-19—contracted voided due to positive test),Did Not Play (COVID-19—contracted voided due to positive test),Did Not Play (COVID-19—contracted voided due to positive test),Did Not Play (COVID-19—contracted voided due to positive test),Did Not Play (COVID-19—contracted voided due to positive test),Did Not Play (COVID-19—contracted voided due to positive test),Did Not Play (COVID-19—contracted voided due to positive test),Did Not Play (COVID-19—contracted voided due to positive test),Did Not Play (COVID-19—contracted voided due to positive test),Did Not Play (COVID-19—contracted voided due to positive test),Did Not Play (COVID-19—contracted voided due to positive test),Did Not Play (COVID-19—contracted voided due to positive test),Did Not Play (COVID-19—contracted voided due to positive test),Did Not Play (COVID-19—contracted voided due to positive test),Did Not Play (COVID-19—contracted voided due to positive test),Did Not Play (COVID-19—contracted voided due to positive test),Did Not Play (COVID-19—contracted voided due to positive test),Did Not Play (COVID-19—contracted voided due to positive test),Did Not Play (COVID-19—contracted voided due to positive test),Did Not Play (COVID-19—contracted voided due to positive test),Did Not Play (COVID-19—contracted voided due to positive test),Did Not Play (COVID-19—contracted voided due to positive test),Did Not Play (COVID-19—contracted voided due to positive test),Did Not Play (COVID-19—contracted voided due to positive test),Did Not Play (COVID-19—contracted voided due to positive test),Did Not Play (COVID-19—contracted voided due to positive test),Did Not Play (COVID-19—contracted voided due to positive test)
152,MarJon Beauchamp,1,2022-23,22.0,MIL,NBA,SF,11,5,18.9,2.6,6.6,0.397,1.1,3.6,0.3,1.5,3.0,0.515,0.479,0.6,0.9,0.7,1.3,2.5,3.8,0.5,0.5,0.2,1.3,2.1,7.0
153,Jordan Bell,1,2017-18,23.0,GSW,NBA,C,57.0,13.0,14.2,2.0,3.2,0.627,0.0,0.1,0.0,2.0,3.2,0.641,0.627,0.5,0.8,0.682,1.1,2.6,3.6,1.8,0.6,1.0,0.9,1.6,4.6
154,Jordan Bell,2,2018-19,24.0,GSW,NBA,C,68.0,3.0,11.6,1.5,2.8,0.516,0.0,0.0,0.0,1.5,2.8,0.521,0.516,0.4,0.6,0.61,0.8,1.9,2.7,1.1,0.3,0.8,0.6,1.2,3.3
155,Jordan Bell,3,2019-20,25.0,TOT,NBA,C,29.0,0.0,8.8,1.2,2.3,0.522,0.1,0.4,0.333,1.1,1.9,0.564,0.552,0.7,1.1,0.613,1.0,1.8,2.8,0.6,0.1,0.3,0.7,0.7,3.2
156,Jordan Bell,4,2019-20,25.0,MIN,NBA,C,27.0,0.0,8.7,1.2,2.2,0.533,0.1,0.3,0.222,1.1,1.9,0.588,0.55,0.6,1.1,0.586,1.0,1.9,2.9,0.5,0.1,0.4,0.7,0.6,3.1
157,Jordan Bell,5,2019-20,25.0,MEM,NBA,C,2.0,0.0,10.5,1.5,3.5,0.429,1.0,1.5,0.667,0.5,2.0,0.25,0.571,1.0,1.0,1.0,1.0,0.5,1.5,1.0,0.5,0.0,1.5,1.0,5.0
158,Jordan Bell,6,2020-21,26.0,TOT,NBA,C,6.0,1.0,13.7,1.2,3.7,0.318,0.0,0.3,0.0,1.2,3.3,0.35,0.318,0.2,0.3,0.5,1.2,2.8,4.0,1.2,0.5,0.8,0.7,1.2,2.5
159,Jordan Bell,7,2020-21,26.0,WAS,NBA,C,5.0,1.0,13.4,1.4,4.0,0.35,0.0,0.4,0.0,1.4,3.6,0.389,0.35,0.0,0.0,,1.2,2.6,3.8,1.0,0.6,0.6,0.6,1.0,2.8
160,Jordan Bell,8,2020-21,26.0,GSW,NBA,C,1.0,0.0,15.0,0.0,2.0,0.0,0.0,0.0,,0.0,2.0,0.0,0.0,1.0,2.0,0.5,1.0,4.0,5.0,2.0,0.0,2.0,1.0,2.0,1.0
161,Jordan Bell,9,2021-22,27.0,CHI,NBA,C,1.0,0.0,2.0,0.0,0.0,,0.0,0.0,,0.0,0.0,,,0.0,0.0,,1.0,0.0,1.0,0.0,1.0,0.0,0.0,2.0,0.0
162,DeAndre' Bembry,1,2016-17,22.0,ATL,NBA,SF,38.0,1.0,9.8,1.2,2.6,0.48,0.0,0.5,0.056,1.2,2.1,0.575,0.485,0.2,0.4,0.375,0.4,1.2,1.6,0.7,0.2,0.1,0.4,0.6,2.7
163,DeAndre' Bembry,2,2017-18,23.0,ATL,NBA,SF,26.0,3.0,17.5,2.0,4.9,0.414,0.4,1.2,0.367,1.6,3.8,0.429,0.457,0.7,1.3,0.576,0.3,2.5,2.8,1.9,0.8,0.5,1.8,1.5,5.2
164,DeAndre' Bembry,3,2018-19,24.0,ATL,NBA,SG,82.0,15.0,23.5,3.4,7.5,0.446,0.6,2.1,0.289,2.7,5.4,0.508,0.487,1.1,1.7,0.64,0.7,3.7,4.4,2.5,1.3,0.5,1.7,2.3,8.4
165,DeAndre' Bembry,4,2019-20,25.0,ATL,NBA,SG,43.0,4.0,21.3,2.4,5.3,0.456,0.3,1.5,0.231,2.1,3.8,0.546,0.489,0.6,1.1,0.542,0.8,2.7,3.5,1.9,1.3,0.4,1.4,2.0,5.8
166,DeAndre' Bembry,5,2020-21,26.0,TOR,NBA,SF,51.0,12.0,19.1,2.3,4.5,0.513,0.3,1.0,0.264,2.0,3.4,0.589,0.544,0.9,1.3,0.682,0.6,2.2,2.9,2.1,1.0,0.4,1.4,1.7,5.7
167,DeAndre' Bembry,6,2021-22,27.0,TOT,NBA,SF,56.0,20.0,18.3,2.2,3.9,0.561,0.3,0.6,0.417,1.9,3.3,0.589,0.595,0.4,0.6,0.6,0.8,2.2,2.9,1.2,0.9,0.4,0.6,2.0,5.1
168,DeAndre' Bembry,7,2021-22,27.0,BRK,NBA,SF,48.0,20.0,19.8,2.5,4.4,0.568,0.3,0.8,0.417,2.2,3.7,0.599,0.603,0.4,0.7,0.6,0.8,2.4,3.2,1.3,1.0,0.5,0.6,2.2,5.8
169,DeAndre' Bembry,8,2021-22,27.0,MIL,NBA,SF,8.0,0.0,9.6,0.4,1.0,0.375,0.0,0.0,,0.4,1.0,0.375,0.375,0.0,0.0,,0.5,0.9,1.4,0.8,0.3,0.0,0.1,1.1,0.8
170,Dragan Bender,1,2016-17,19.0,PHO,NBA,PF,43.0,0.0,13.3,1.3,3.7,0.354,0.7,2.3,0.277,0.7,1.4,0.483,0.441,0.1,0.3,0.364,0.5,1.9,2.4,0.5,0.2,0.5,0.7,1.7,3.4
171,Dragan Bender,2,2017-18,20.0,PHO,NBA,PF,82.0,37.0,25.2,2.3,5.9,0.386,1.4,3.9,0.366,0.8,2.0,0.426,0.508,0.5,0.6,0.765,0.5,3.9,4.4,1.6,0.3,0.6,1.4,2.0,6.5
172,Dragan Bender,3,2018-19,21.0,PHO,NBA,PF,46.0,27.0,18.0,1.9,4.3,0.447,0.5,2.2,0.218,1.4,2.1,0.688,0.503,0.7,1.2,0.593,0.7,3.2,4.0,1.2,0.4,0.5,0.8,2.0,5.0
173,Dragan Bender,4,2019-20,22.0,TOT,NBA,"C,PF",16.0,3.0,17.9,2.6,5.8,0.446,0.9,2.7,0.349,1.6,3.1,0.531,0.527,0.6,0.9,0.714,1.0,3.6,4.6,1.8,0.3,0.6,1.3,2.6,6.7
174,Dragan Bender,5,2019-20,22.0,MIL,NBA,C,7.0,0.0,13.0,1.4,3.0,0.476,0.6,1.3,0.444,0.9,1.7,0.5,0.571,0.3,0.4,0.667,0.0,2.9,2.9,1.3,0.0,0.7,0.7,2.3,3.7
175,Dragan Bender,6,2019-20,22.0,GSW,NBA,PF,9.0,3.0,21.7,3.4,7.9,0.437,1.2,3.8,0.324,2.2,4.1,0.541,0.514,0.9,1.2,0.727,1.8,4.1,5.9,2.1,0.4,0.4,1.8,2.9,9.0
176,Dairis Bertāns,1,2018-19,29.0,NOP,NBA,SG,12,0,13.9,1.0,3.9,0.255,0.8,2.8,0.294,0.2,1.1,0.154,0.362,0.0,0.0,,0.2,0.6,0.8,0.8,0.1,0.0,0.2,0.6,2.8
177,Dāvis Bertāns,1,2016-17,24.0,SAS,NBA,PF,67.0,6.0,12.1,1.5,3.5,0.44,1.0,2.6,0.399,0.5,0.9,0.557,0.588,0.4,0.5,0.824,0.3,1.1,1.5,0.7,0.3,0.4,0.5,1.1,4.5
178,Dāvis Bertāns,2,2017-18,25.0,SAS,NBA,PF,77.0,10.0,14.1,2.1,4.8,0.44,1.2,3.3,0.373,0.9,1.5,0.588,0.568,0.5,0.6,0.816,0.2,1.8,2.0,1.0,0.3,0.4,0.5,1.2,5.9
179,Dāvis Bertāns,3,2018-19,26.0,SAS,NBA,PF,76.0,12.0,21.5,2.7,6.0,0.45,1.9,4.4,0.429,0.8,1.5,0.513,0.61,0.7,0.8,0.883,0.3,3.2,3.5,1.3,0.5,0.4,0.6,1.8,8.0
180,Dāvis Bertāns,4,2019-20,27.0,WAS,NBA,PF,54.0,4.0,29.3,4.9,11.3,0.434,3.7,8.7,0.424,1.2,2.6,0.471,0.598,1.9,2.3,0.852,0.6,3.9,4.5,1.7,0.7,0.6,1.1,2.6,15.4
181,Dāvis Bertāns,5,2020-21,28.0,WAS,NBA,PF,57.0,7.0,25.7,3.4,8.4,0.404,3.0,7.5,0.395,0.4,0.9,0.48,0.581,1.8,2.0,0.87,0.3,2.6,2.9,0.9,0.6,0.2,0.6,2.4,11.5
182,Dāvis Bertāns,6,2021-22,29.0,TOT,NBA,PF,56.0,0.0,14.4,1.8,4.9,0.36,1.4,4.1,0.335,0.4,0.8,0.489,0.5,0.6,0.7,0.9,0.2,1.9,2.1,0.6,0.3,0.2,0.3,1.5,5.6
183,Dāvis Bertāns,7,2021-22,29.0,WAS,NBA,PF,34.0,0.0,14.7,1.8,5.0,0.351,1.4,4.2,0.319,0.4,0.8,0.519,0.485,0.8,0.9,0.933,0.2,1.6,1.8,0.5,0.3,0.2,0.4,1.6,5.7
184,Dāvis Bertāns,8,2021-22,29.0,DAL,NBA,PF,22.0,0.0,13.9,1.8,4.7,0.375,1.4,3.9,0.36,0.4,0.8,0.444,0.524,0.4,0.5,0.8,0.3,2.3,2.5,0.7,0.3,0.3,0.2,1.4,5.3
185,Dāvis Bertāns,9,2022-23,30.0,DAL,NBA,PF,1.0,0.0,3.0,1.0,3.0,0.333,1.0,2.0,0.5,0.0,1.0,0.0,0.5,0.0,0.0,,0.0,0.0,0.0,0.0,0.0,0.0,0.0,3.0,3.0
186,Patrick Beverley,1,2009-10,21.0,Did Not Play (other pro league—Greece),Did Not Play (other pro league—Greece),Did Not Play (other pro league—Greece),Did Not Play (other pro league—Greece),Did Not Play (other pro league—Greece),Did Not Play (other pro league—Greece),Did Not Play (other pro league—Greece),Did Not Play (other pro league—Greece),Did Not Play (other pro league—Greece),Did Not Play (other pro league—Greece),Did Not Play (other pro league—Greece),Did Not Play (other pro league—Greece),Did Not Play (other pro league—Greece),Did Not Play (other pro league—Greece),Did Not Play (other pro league—Greece),Did Not Play (other pro league—Greece),Did Not Play (other pro league—Greece),Did Not Play (other pro league—Greece),Did Not Play (other pro league—Greece),Did Not Play (other pro league—Greece),Did Not Play (other pro league—Greece),Did Not Play (other pro league—Greece),Did Not Play (other pro league—Greece),Did Not Play (other pro league—Greece),Did Not Play (other pro league—Greece),Did Not Play (other pro league—Greece),Did Not Play (other pro league—Greece),Did Not Play (other pro league—Greece)
187,Patrick Beverley,2,2011-12,23.0,Did Not Play (other pro league—Russia),Did Not Play (other pro league—Russia),Did Not Play (other pro league—Russia),Did Not Play (other pro league—Russia),Did Not Play (other pro league—Russia),Did Not Play (other pro league—Russia),Did Not Play (other pro league—Russia),Did Not Play (other pro league—Russia),Did Not Play (other pro league—Russia),Did Not Play (other pro league—Russia),Did Not Play (other pro league—Russia),Did Not Play (other pro league—Russia),Did Not Play (other pro league—Russia),Did Not Play (other pro league—Russia),Did Not Play (other pro league—Russia),Did Not Play (other pro league—Russia),Did Not Play (other pro league—Russia),Did Not Play (other pro league—Russia),Did Not Play (other pro league—Russia),Did Not Play (other pro league—Russia),Did Not Play (other pro league—Russia),Did Not Play (other pro league—Russia),Did Not Play (other pro league—Russia),Did Not Play (other pro league—Russia),Did Not Play (other pro league—Russia),Did Not Play (other pro league—Russia),Did Not Play (other pro league—Russia),Did Not Play (other pro league—Russia)
188,Patrick Beverley,3,2012-13,24.0,HOU,NBA,PG,41,0,17.4,1.9,4.6,.418,0.9,2.3,.375,1.0,2.3,.462,.513,0.8,1.0,.829,1.1,1.6,2.7,2.9,0.9,0.5,1.1,2.0,5.6
189,Patrick Beverley,4,2013-14,25.0,HOU,NBA,PG,56,55,31.3,3.6,8.6,.414,1.6,4.6,.361,1.9,4.0,.473,.509,1.5,1.8,.814,1.3,2.2,3.5,2.7,1.4,0.4,1.2,3.1,10.2
190,Patrick Beverley,5,2014-15,26.0,HOU,NBA,PG,56,55,30.8,3.6,9.5,.383,2.1,5.8,.356,1.6,3.7,.426,.492,0.8,1.1,.750,1.2,3.0,4.2,3.4,1.1,0.4,1.5,3.3,10.1
191,Patrick Beverley,6,2015-16,27.0,HOU,NBA,PG,71,63,28.7,3.6,8.4,.434,1.7,4.4,.400,1.9,4.0,.472,.539,0.8,1.2,.682,1.0,2.5,3.5,3.4,1.3,0.4,1.3,3.3,9.9
192,Patrick Beverley,7,2016-17,28.0,HOU,NBA,SG,67,67,30.7,3.4,8.1,.420,1.6,4.3,.382,1.8,3.8,.463,.521,1.1,1.4,.768,1.4,4.4,5.9,4.2,1.5,0.4,1.5,3.3,9.5
193,Patrick Beverley,8,2017-18,29.0,LAC,NBA,SG,11,11,30.4,4.4,10.8,.403,2.2,5.5,.400,2.2,5.4,.407,.504,1.3,1.5,.824,1.5,2.6,4.1,2.9,1.7,0.5,2.3,3.1,12.2
194,Patrick Beverley,9,2018-19,30.0,LAC,NBA,PG,78,49,27.4,2.5,6.1,.407,1.4,3.6,.397,1.1,2.5,.421,.524,1.2,1.6,.780,1.0,4.0,5.0,3.8,0.9,0.6,1.1,3.4,7.6
195,Patrick Beverley,10,2019-20,31.0,LAC,NBA,PG,51,50,26.3,2.9,6.7,.431,1.6,4.0,.388,1.3,2.6,.496,.548,0.6,0.9,.660,1.1,4.1,5.2,3.6,1.1,0.5,1.3,3.1,7.9
196,Patrick Beverley,11,2020-21,32.0,LAC,NBA,PG,37,34,22.5,2.5,5.9,.423,1.5,3.8,.397,1.0,2.1,.468,.550,1.0,1.2,.800,0.8,2.4,3.2,2.1,0.8,0.8,0.9,2.9,7.5
197,Patrick Beverley,12,2021-22,33.0,MIN,NBA,PG,58,54,25.4,3.1,7.5,.406,1.4,4.2,.343,1.6,3.3,.485,.501,1.7,2.3,.722,1.1,3.1,4.1,4.6,1.2,0.9,1.3,3.0,9.2
198,Patrick Beverley,13,2022-23,34.0,LAL,NBA,PG,11,11,28.1,1.4,4.9,.278,0.7,3.1,.235,0.6,1.8,.350,.352,1.2,1.4,.867,0.8,2.9,3.7,3.0,1.1,0.5,0.9,3.2,4.6
199,Saddiq Bey,1,2020-21,21.0,DET,NBA,SF,70,53,27.3,4.0,9.9,0.404,2.5,6.6,0.38,1.5,3.3,0.45,0.53,1.8,2.1,0.844,0.6,3.9,4.5,1.4,0.7,0.2,0.9,1.6,12.2
200,Saddiq Bey,2,2021-22,22.0,DET,NBA,SF,82,82,33.0,5.5,13.9,0.396,2.6,7.4,0.346,2.9,6.4,0.454,0.489,2.6,3.1,0.827,1.3,4.1,5.4,2.8,0.9,0.2,1.2,1.6,16.1
201,Saddiq Bey,3,2022-23,23.0,DET,NBA,SF,16,15,31.6,4.8,11.5,0.413,1.7,5.7,0.297,3.1,5.8,0.527,0.486,4.2,4.6,0.918,1.2,3.7,4.9,1.6,0.9,0.2,1.4,1.8,15.4
202,Tyler Bey,1,2020-21,22.0,DAL,NBA,SF,18,0,3.9,0.4,1.2,0.318,0.1,0.2,0.25,0.3,1.0,0.333,0.341,0.2,0.3,0.6,0.4,0.6,1.1,0.2,0.0,0.1,0.2,0.3,1.0
203,Khem Birch,1,2017-18,25.0,ORL,NBA,C,42.0,0.0,13.8,1.6,3.0,0.54,0.0,0.0,,1.6,3.0,0.54,0.54,1.0,1.5,0.689,1.7,2.6,4.3,0.8,0.4,0.5,0.5,1.3,4.2
204,Khem Birch,2,2018-19,26.0,ORL,NBA,C,50.0,1.0,12.9,1.8,3.0,0.603,0.0,0.0,0.0,1.8,3.0,0.607,0.603,1.2,1.7,0.699,1.6,2.2,3.8,0.8,0.4,0.6,0.4,1.4,4.8
205,Khem Birch,3,2019-20,27.0,ORL,NBA,C,48.0,24.0,19.2,1.5,3.0,0.51,0.0,0.0,0.0,1.5,3.0,0.514,0.51,1.4,2.1,0.653,1.9,2.7,4.6,1.0,0.4,0.5,0.6,1.9,4.4
206,Khem Birch,4,2020-21,28.0,TOT,NBA,C,67.0,22.0,22.8,2.8,5.7,0.497,0.2,0.8,0.25,2.6,4.9,0.537,0.514,1.4,1.9,0.705,2.6,3.2,5.8,1.3,0.7,0.7,0.7,1.7,7.2
207,Khem Birch,5,2020-21,28.0,ORL,NBA,C,48.0,5.0,19.8,2.0,4.4,0.45,0.1,0.4,0.19,1.9,3.9,0.479,0.459,1.3,1.8,0.741,2.4,2.6,5.1,1.1,0.7,0.6,0.5,1.4,5.3
208,Khem Birch,6,2020-21,28.0,TOR,NBA,C,19.0,17.0,30.4,5.0,9.0,0.556,0.5,1.6,0.29,4.5,7.4,0.614,0.582,1.5,2.3,0.636,3.0,4.6,7.6,1.9,0.8,1.2,1.1,2.4,11.9
209,Khem Birch,7,2021-22,29.0,TOR,NBA,C,55.0,28.0,18.0,1.8,3.6,0.485,0.0,0.3,0.0,1.8,3.4,0.522,0.485,1.0,1.3,0.746,2.2,2.1,4.3,1.0,0.5,0.5,0.5,1.9,4.5
210,Khem Birch,8,2022-23,30.0,TOR,NBA,C,6.0,0.0,7.5,0.8,1.3,0.625,0.2,0.2,1.0,0.7,1.2,0.571,0.688,0.3,0.3,1.0,0.7,0.3,1.0,0.5,0.7,0.2,0.3,2.0,2.2
211,Goga Bitadze,1,2019-20,20.0,IND,NBA,C,54,2,8.7,1.3,2.8,0.467,0.1,0.8,0.19,1.1,2.0,0.574,0.493,0.4,0.6,0.727,0.5,1.5,2.0,0.4,0.2,0.7,0.5,1.2,3.2
212,Goga Bitadze,2,2020-21,21.0,IND,NBA,C,45,3,12.5,1.8,4.3,0.428,0.4,1.8,0.253,1.4,2.6,0.548,0.479,1.0,1.4,0.738,1.3,2.0,3.3,0.8,0.2,1.3,0.4,2.1,5.1
213,Goga Bitadze,3,2021-22,22.0,IND,NBA,C,50,16,14.6,2.6,5.0,0.52,0.5,1.6,0.288,2.2,3.4,0.628,0.565,1.3,1.9,0.681,1.6,2.0,3.5,1.1,0.4,0.8,0.9,2.1,7.0
214,Goga Bitadze,4,2022-23,23.0,IND,NBA,C,8,0,13.1,1.8,3.4,0.519,0.1,0.9,0.143,1.6,2.5,0.65,0.537,0.9,1.8,0.5,1.6,1.8,3.4,1.5,0.5,0.5,0.8,2.3,4.5
215,Bismack Biyombo,1,2011-12,19.0,CHA,NBA,C,63.0,41.0,23.1,2.0,4.4,0.464,0.0,0.0,,2.0,4.4,0.464,0.464,1.1,2.3,0.483,1.8,4.0,5.8,0.4,0.3,1.8,1.1,2.3,5.2
216,Bismack Biyombo,2,2012-13,20.0,CHA,NBA,C,80.0,65.0,27.3,2.0,4.3,0.451,0.0,0.0,,2.0,4.3,0.451,0.451,0.9,1.8,0.521,2.4,4.9,7.3,0.4,0.4,1.8,1.0,2.4,4.8
217,Bismack Biyombo,3,2013-14,21.0,CHA,NBA,C,77.0,9.0,13.9,1.1,1.9,0.611,0.0,0.0,,1.1,1.9,0.611,0.611,0.6,1.2,0.517,1.4,3.4,4.8,0.1,0.1,1.1,0.5,1.6,2.9
218,Bismack Biyombo,4,2014-15,22.0,CHO,NBA,C,64.0,21.0,19.4,1.6,2.9,0.543,0.0,0.0,,1.6,2.9,0.543,0.543,1.6,2.7,0.583,2.5,3.9,6.4,0.3,0.3,1.5,0.8,2.2,4.8
219,Bismack Biyombo,5,2015-16,23.0,TOR,NBA,C,82.0,22.0,22.0,1.9,3.5,0.542,0.0,0.0,0.0,1.9,3.5,0.544,0.542,1.7,2.8,0.628,2.2,5.8,8.0,0.4,0.2,1.6,0.9,2.7,5.5
220,Bismack Biyombo,6,2016-17,24.0,ORL,NBA,C,81.0,27.0,22.1,2.2,4.2,0.528,0.0,0.0,,2.2,4.2,0.528,0.528,1.5,2.9,0.534,1.9,5.1,7.0,0.9,0.3,1.1,1.2,2.5,6.0
221,Bismack Biyombo,7,2017-18,25.0,ORL,NBA,C,82.0,25.0,18.2,2.2,4.3,0.52,0.0,0.0,0.0,2.2,4.3,0.521,0.52,1.2,1.9,0.65,1.8,4.0,5.7,0.8,0.3,1.2,1.0,1.9,5.7
222,Bismack Biyombo,8,2018-19,26.0,CHO,NBA,C,54.0,32.0,14.5,1.6,2.9,0.571,0.0,0.0,,1.6,2.9,0.571,0.571,1.1,1.7,0.637,1.5,3.1,4.6,0.6,0.2,0.8,0.6,1.9,4.4
223,Bismack Biyombo,9,2019-20,27.0,CHO,NBA,C,53.0,29.0,19.4,2.8,5.2,0.543,0.0,0.0,,2.8,5.2,0.543,0.543,1.7,2.8,0.603,2.3,3.5,5.8,0.9,0.2,0.9,0.9,2.2,7.4
224,Bismack Biyombo,10,2020-21,28.0,CHO,NBA,C,66.0,36.0,20.4,2.2,3.7,0.587,0.0,0.0,0.0,2.2,3.7,0.589,0.587,0.7,1.6,0.448,2.1,3.2,5.3,1.2,0.3,1.1,1.1,2.1,5.0
225,Bismack Biyombo,11,2021-22,29.0,PHO,NBA,C,36.0,3.0,14.1,2.4,4.0,0.593,0.0,0.0,,2.4,4.0,0.593,0.593,1.1,2.0,0.535,1.8,2.9,4.6,0.6,0.3,0.7,0.7,1.9,5.8
226,Bismack Biyombo,12,2022-23,30.0,PHO,NBA,C,11.0,2.0,11.8,1.4,2.5,0.556,0.0,0.0,,1.4,2.5,0.556,0.556,0.5,0.8,0.667,0.7,2.5,3.3,0.5,0.2,1.7,0.6,1.8,3.3
227,Nemanja Bjelica,1,2015-16,27.0,MIN,NBA,PF,60.0,0.0,17.9,1.8,3.9,0.468,0.8,2.1,0.384,1.0,1.8,0.564,0.57,0.7,0.9,0.727,0.8,2.7,3.5,1.4,0.4,0.4,0.8,2.6,5.1
228,Nemanja Bjelica,2,2016-17,28.0,MIN,NBA,PF,65.0,1.0,18.3,2.3,5.5,0.424,0.9,2.7,0.316,1.5,2.8,0.531,0.503,0.7,0.9,0.738,0.9,2.9,3.8,1.2,0.6,0.3,0.9,2.4,6.2
229,Nemanja Bjelica,3,2017-18,29.0,MIN,NBA,PF,67.0,21.0,20.5,2.6,5.5,0.461,1.1,2.7,0.415,1.4,2.8,0.505,0.563,0.5,0.7,0.8,0.8,3.3,4.1,1.3,0.7,0.2,0.8,2.1,6.8
230,Nemanja Bjelica,4,2018-19,30.0,SAC,NBA,PF,77.0,70.0,23.2,3.7,7.7,0.479,1.3,3.3,0.401,2.4,4.4,0.539,0.566,0.9,1.2,0.761,1.6,4.1,5.8,1.9,0.7,0.7,1.1,2.6,9.6
231,Nemanja Bjelica,5,2019-20,31.0,SAC,NBA,PF,72.0,67.0,27.9,4.4,9.1,0.481,1.9,4.4,0.419,2.5,4.6,0.541,0.583,1.0,1.2,0.821,1.5,4.8,6.4,2.8,0.9,0.6,1.4,3.0,11.5
232,Nemanja Bjelica,6,2020-21,32.0,TOT,NBA,PF,37.0,3.0,16.1,2.4,5.3,0.454,0.7,2.3,0.318,1.7,3.0,0.559,0.523,1.0,1.4,0.725,0.8,2.6,3.4,1.9,0.4,0.1,0.9,1.8,6.5
233,Nemanja Bjelica,7,2020-21,32.0,SAC,NBA,PF,26.0,1.0,16.9,2.7,5.8,0.46,0.7,2.2,0.293,2.0,3.5,0.565,0.517,1.2,1.6,0.762,0.9,2.9,3.8,1.9,0.3,0.1,1.1,1.8,7.2
234,Nemanja Bjelica,8,2020-21,32.0,MIA,NBA,PF,11.0,2.0,14.2,1.8,4.2,0.435,0.9,2.5,0.37,0.9,1.7,0.526,0.543,0.5,0.8,0.556,0.5,2.0,2.5,1.8,0.6,0.3,0.5,1.8,5.0
235,Nemanja Bjelica,9,2021-22,33.0,GSW,NBA,C,71.0,0.0,16.1,2.3,4.8,0.468,0.8,2.1,0.362,1.5,2.7,0.549,0.547,0.8,1.1,0.728,0.9,3.3,4.1,2.2,0.6,0.4,1.2,1.8,6.1
236,Antonio Blakeney,1,2017-18,21.0,CHI,NBA,SG,19,0,16.5,2.8,7.5,0.371,0.8,2.7,0.288,2.0,4.8,0.418,0.423,1.6,2.1,0.769,0.2,1.5,1.7,1.1,0.4,0.1,0.6,1.0,7.9
237,Antonio Blakeney,2,2018-19,22.0,CHI,NBA,SG,57,3,14.5,2.9,6.9,0.419,0.6,1.6,0.396,2.3,5.4,0.426,0.465,0.9,1.3,0.658,0.1,1.7,1.9,0.7,0.2,0.2,0.6,0.7,7.3
238,Eric Bledsoe,1,2010-11,21.0,LAC,NBA,PG,81.0,25.0,22.7,2.5,6.0,0.424,0.4,1.4,0.276,2.1,4.6,0.47,0.457,1.2,1.6,0.744,0.8,1.9,2.8,3.6,1.1,0.3,2.4,1.6,6.7
239,Eric Bledsoe,2,2011-12,22.0,LAC,NBA,PG,40.0,1.0,11.6,1.2,3.2,0.389,0.2,0.8,0.2,1.1,2.4,0.448,0.413,0.7,1.1,0.636,0.6,1.1,1.6,1.7,0.8,0.4,1.2,1.5,3.3
240,Eric Bledsoe,3,2012-13,23.0,LAC,NBA,PG,76.0,12.0,20.4,3.3,7.5,0.445,0.4,1.0,0.397,2.9,6.4,0.453,0.473,1.4,1.8,0.791,1.0,1.9,3.0,3.1,1.4,0.7,1.8,1.5,8.5
241,Eric Bledsoe,4,2013-14,24.0,PHO,NBA,PG,43.0,40.0,32.9,6.2,12.9,0.477,1.2,3.3,0.357,5.0,9.7,0.517,0.522,4.3,5.5,0.772,0.6,4.1,4.7,5.5,1.6,0.3,3.3,2.3,17.7
242,Eric Bledsoe,5,2014-15,25.0,PHO,NBA,PG,81.0,81.0,34.6,5.8,12.9,0.447,1.1,3.4,0.324,4.7,9.6,0.491,0.489,4.4,5.4,0.8,0.9,4.3,5.2,6.1,1.6,0.6,3.4,2.3,17.0
243,Eric Bledsoe,6,2015-16,26.0,PHO,NBA,PG,31.0,31.0,34.2,7.2,15.9,0.453,1.5,4.2,0.372,5.6,11.7,0.482,0.502,4.5,5.5,0.802,0.6,3.5,4.0,6.1,2.0,0.6,3.5,2.4,20.4
244,Eric Bledsoe,7,2016-17,27.0,PHO,NBA,PG,66.0,66.0,33.0,6.8,15.7,0.434,1.6,4.7,0.335,5.2,11.0,0.477,0.485,5.9,6.9,0.847,0.8,4.1,4.8,6.3,1.4,0.5,3.4,2.5,21.1
245,Eric Bledsoe,8,2017-18,28.0,TOT,NBA,PG,74.0,74.0,31.4,6.3,13.4,0.473,1.7,4.9,0.347,4.6,8.5,0.545,0.536,3.4,4.3,0.795,0.7,3.1,3.8,5.0,2.0,0.6,2.9,2.5,17.7
246,Eric Bledsoe,9,2017-18,28.0,PHO,NBA,PG,3.0,3.0,27.7,5.3,13.3,0.4,1.3,4.3,0.308,4.0,9.0,0.444,0.45,3.7,4.7,0.786,1.0,1.3,2.3,3.0,1.3,0.7,3.3,2.0,15.7
247,Eric Bledsoe,10,2017-18,28.0,MIL,NBA,PG,71.0,71.0,31.5,6.4,13.4,0.476,1.7,4.9,0.349,4.7,8.5,0.55,0.54,3.4,4.3,0.795,0.7,3.2,3.9,5.1,2.0,0.6,2.9,2.5,17.8
248,Eric Bledsoe,11,2018-19,29.0,MIL,NBA,PG,78.0,78.0,29.1,6.0,12.4,0.484,1.6,4.8,0.329,4.4,7.6,0.582,0.548,2.3,3.0,0.75,1.1,3.6,4.6,5.5,1.5,0.4,2.1,2.0,15.9
249,Eric Bledsoe,12,2019-20,30.0,MIL,NBA,PG,61.0,61.0,27.0,5.5,11.5,0.475,1.2,3.5,0.344,4.3,8.0,0.533,0.528,2.8,3.5,0.79,0.7,3.9,4.6,5.4,0.9,0.4,2.4,2.1,14.9
250,Eric Bledsoe,13,2020-21,31.0,NOP,NBA,SG,71.0,70.0,29.7,4.3,10.3,0.421,1.7,5.0,0.341,2.6,5.3,0.496,0.503,1.9,2.7,0.687,0.4,3.0,3.4,3.8,0.8,0.3,1.6,1.6,12.2
251,Eric Bledsoe,14,2021-22,32.0,LAC,NBA,PG,54.0,29.0,25.2,3.6,8.7,0.421,0.9,3.0,0.313,2.7,5.6,0.479,0.475,1.6,2.2,0.761,0.5,2.9,3.4,4.2,1.3,0.4,2.1,1.6,9.9
252,Keljin Blevins,1,2020-21,25.0,POR,NBA,SF,17,0,4.4,0.3,1.2,0.25,0.1,0.5,0.25,0.2,0.7,0.25,0.3,0.0,0.0,,0.2,0.4,0.6,0.2,0.1,0.0,0.3,0.5,0.7
253,Keljin Blevins,2,2021-22,26.0,POR,NBA,SF,31,1,11.3,1.1,3.6,0.306,0.7,2.3,0.292,0.4,1.3,0.333,0.401,0.2,0.4,0.545,0.5,0.9,1.5,0.6,0.4,0.0,0.5,0.9,3.1
254,Jaron Blossomgame,1,2018-19,25.0,CLE,NBA,SF,27,4,16.3,1.7,3.9,0.443,0.4,1.4,0.256,1.4,2.5,0.552,0.491,0.4,0.5,0.769,1.0,2.7,3.6,0.5,0.3,0.3,0.4,0.7,4.2
255,Buddy Boeheim,1,2022-23,23.0,DET,NBA,PG,1,0,1.0,0.0,0.0,,0.0,0.0,,0.0,0.0,,,0.0,0.0,,0.0,0.0,0.0,0.0,0.0,0.0,0.0,0.0,0.0
256,Bogdan Bogdanović,1,2012-13,20.0,Did Not Play (other pro league—Serbia),Did Not Play (other pro league—Serbia),Did Not Play (other pro league—Serbia),Did Not Play (other pro league—Serbia),Did Not Play (other pro league—Serbia),Did Not Play (other pro league—Serbia),Did Not Play (other pro league—Serbia),Did Not Play (other pro league—Serbia),Did Not Play (other pro league—Serbia),Did Not Play (other pro league—Serbia),Did Not Play (other pro league—Serbia),Did Not Play (other pro league—Serbia),Did Not Play (other pro league—Serbia),Did Not Play (other pro league—Serbia),Did Not Play (other pro league—Serbia),Did Not Play (other pro league—Serbia),Did Not Play (other pro league—Serbia),Did Not Play (other pro league—Serbia),Did Not Play (other pro league—Serbia),Did Not Play (other pro league—Serbia),Did Not Play (other pro league—Serbia),Did Not Play (other pro league—Serbia),Did Not Play (other pro league—Serbia),Did Not Play (other pro league—Serbia),Did Not Play (other pro league—Serbia),Did Not Play (other pro league—Serbia),Did Not Play (other pro league—Serbia),Did Not Play (other pro league—Serbia)
257,Bogdan Bogdanović,2,2013-14,21.0,Did Not Play (other pro league—Serbia),Did Not Play (other pro league—Serbia),Did Not Play (other pro league—Serbia),Did Not Play (other pro league—Serbia),Did Not Play (other pro league—Serbia),Did Not Play (other pro league—Serbia),Did Not Play (other pro league—Serbia),Did Not Play (other pro league—Serbia),Did Not Play (other pro league—Serbia),Did Not Play (other pro league—Serbia),Did Not Play (other pro league—Serbia),Did Not Play (other pro league—Serbia),Did Not Play (other pro league—Serbia),Did Not Play (other pro league—Serbia),Did Not Play (other pro league—Serbia),Did Not Play (other pro league—Serbia),Did Not Play (other pro league—Serbia),Did Not Play (other pro league—Serbia),Did Not Play (other pro league—Serbia),Did Not Play (other pro league—Serbia),Did Not Play (other pro league—Serbia),Did Not Play (other pro league—Serbia),Did Not Play (other pro league—Serbia),Did Not Play (other pro league—Serbia),Did Not Play (other pro league—Serbia),Did Not Play (other pro league—Serbia),Did Not Play (other pro league—Serbia),Did Not Play (other pro league—Serbia)
258,Bogdan Bogdanović,3,2014-15,22.0,Did Not Play (other pro league—Turkey),Did Not Play (other pro league—Turkey),Did Not Play (other pro league—Turkey),Did Not Play (other pro league—Turkey),Did Not Play (other pro league—Turkey),Did Not Play (other pro league—Turkey),Did Not Play (other pro league—Turkey),Did Not Play (other pro league—Turkey),Did Not Play (other pro league—Turkey),Did Not Play (other pro league—Turkey),Did Not Play (other pro league—Turkey),Did Not Play (other pro league—Turkey),Did Not Play (other pro league—Turkey),Did Not Play (other pro league—Turkey),Did Not Play (other pro league—Turkey),Did Not Play (other pro league—Turkey),Did Not Play (other pro league—Turkey),Did Not Play (other pro league—Turkey),Did Not Play (other pro league—Turkey),Did Not Play (other pro league—Turkey),Did Not Play (other pro league—Turkey),Did Not Play (other pro league—Turkey),Did Not Play (other pro league—Turkey),Did Not Play (other pro league—Turkey),Did Not Play (other pro league—Turkey),Did Not Play (other pro league—Turkey),Did Not Play (other pro league—Turkey),Did Not Play (other pro league—Turkey)
259,Bogdan Bogdanović,4,2015-16,23.0,Did Not Play (other pro league—Turkey),Did Not Play (other pro league—Turkey),Did Not Play (other pro league—Turkey),Did Not Play (other pro league—Turkey),Did Not Play (other pro league—Turkey),Did Not Play (other pro league—Turkey),Did Not Play (other pro league—Turkey),Did Not Play (other pro league—Turkey),Did Not Play (other pro league—Turkey),Did Not Play (other pro league—Turkey),Did Not Play (other pro league—Turkey),Did Not Play (other pro league—Turkey),Did Not Play (other pro league—Turkey),Did Not Play (other pro league—Turkey),Did Not Play (other pro league—Turkey),Did Not Play (other pro league—Turkey),Did Not Play (other pro league—Turkey),Did Not Play (other pro league—Turkey),Did Not Play (other pro league—Turkey),Did Not Play (other pro league—Turkey),Did Not Play (other pro league—Turkey),Did Not Play (other pro league—Turkey),Did Not Play (other pro league—Turkey),Did Not Play (other pro league—Turkey),Did Not Play (other pro league—Turkey),Did Not Play (other pro league—Turkey),Did Not Play (other pro league—Turkey),Did Not Play (other pro league—Turkey)
260,Bogdan Bogdanović,5,2016-17,24.0,Did Not Play (other pro league—Turkey),Did Not Play (other pro league—Turkey),Did Not Play (other pro league—Turkey),Did Not Play (other pro league—Turkey),Did Not Play (other pro league—Turkey),Did Not Play (other pro league—Turkey),Did Not Play (other pro league—Turkey),Did Not Play (other pro league—Turkey),Did Not Play (other pro league—Turkey),Did Not Play (other pro league—Turkey),Did Not Play (other pro league—Turkey),Did Not Play (other pro league—Turkey),Did Not Play (other pro league—Turkey),Did Not Play (other pro league—Turkey),Did Not Play (other pro league—Turkey),Did Not Play (other pro league—Turkey),Did Not Play (other pro league—Turkey),Did Not Play (other pro league—Turkey),Did Not Play (other pro league—Turkey),Did Not Play (other pro league—Turkey),Did Not Play (other pro league—Turkey),Did Not Play (other pro league—Turkey),Did Not Play (other pro league—Turkey),Did Not Play (other pro league—Turkey),Did Not Play (other pro league—Turkey),Did Not Play (other pro league—Turkey),Did Not Play (other pro league—Turkey),Did Not Play (other pro league—Turkey)
261,Bogdan Bogdanović,6,2017-18,25.0,SAC,NBA,SG,78,53,27.9,4.4,9.9,.446,1.7,4.2,.392,2.8,5.7,.485,.529,1.3,1.5,.840,0.4,2.5,2.9,3.3,0.9,0.2,1.6,2.2,11.8
262,Bogdan Bogdanović,7,2018-19,26.0,SAC,NBA,SG,70,17,27.8,5.2,12.3,.418,1.9,5.3,.360,3.2,7.0,.462,.496,1.9,2.3,.827,0.6,2.9,3.5,3.8,1.0,0.2,1.7,2.0,14.1
263,Bogdan Bogdanović,8,2019-20,27.0,SAC,NBA,SG,61,28,29.0,5.5,12.6,.440,2.7,7.2,.372,2.8,5.3,.532,.547,1.4,1.9,.741,0.4,3.0,3.4,3.4,1.0,0.2,1.7,2.2,15.1
264,Bogdan Bogdanović,9,2020-21,28.0,ATL,NBA,SG,44,27,29.7,6.1,12.8,.473,3.3,7.6,.438,2.8,5.3,.522,.602,0.9,1.0,.909,0.5,3.2,3.6,3.3,1.1,0.3,1.2,2.3,16.4
265,Bogdan Bogdanović,10,2021-22,29.0,ATL,NBA,SG,63,27,29.3,5.4,12.6,.431,2.7,7.3,.368,2.7,5.3,.516,.537,1.5,1.8,.843,0.5,3.5,4.0,3.1,1.1,0.2,1.1,2.1,15.1
266,Bojan Bogdanović,1,2011-12,22.0,Did Not Play (other pro league—Turkey),Did Not Play (other pro league—Turkey),Did Not Play (other pro league—Turkey),Did Not Play (other pro league—Turkey),Did Not Play (other pro league—Turkey),Did Not Play (other pro league—Turkey),Did Not Play (other pro league—Turkey),Did Not Play (other pro league—Turkey),Did Not Play (other pro league—Turkey),Did Not Play (other pro league—Turkey),Did Not Play (other pro league—Turkey),Did Not Play (other pro league—Turkey),Did Not Play (other pro league—Turkey),Did Not Play (other pro league—Turkey),Did Not Play (other pro league—Turkey),Did Not Play (other pro league—Turkey),Did Not Play (other pro league—Turkey),Did Not Play (other pro league—Turkey),Did Not Play (other pro league—Turkey),Did Not Play (other pro league—Turkey),Did Not Play (other pro league—Turkey),Did Not Play (other pro league—Turkey),Did Not Play (other pro league—Turkey),Did Not Play (other pro league—Turkey),Did Not Play (other pro league—Turkey),Did Not Play (other pro league—Turkey),Did Not Play (other pro league—Turkey),Did Not Play (other pro league—Turkey)
267,Bojan Bogdanović,2,2012-13,23.0,Did Not Play (other pro league—Turkey),Did Not Play (other pro league—Turkey),Did Not Play (other pro league—Turkey),Did Not Play (other pro league—Turkey),Did Not Play (other pro league—Turkey),Did Not Play (other pro league—Turkey),Did Not Play (other pro league—Turkey),Did Not Play (other pro league—Turkey),Did Not Play (other pro league—Turkey),Did Not Play (other pro league—Turkey),Did Not Play (other pro league—Turkey),Did Not Play (other pro league—Turkey),Did Not Play (other pro league—Turkey),Did Not Play (other pro league—Turkey),Did Not Play (other pro league—Turkey),Did Not Play (other pro league—Turkey),Did Not Play (other pro league—Turkey),Did Not Play (other pro league—Turkey),Did Not Play (other pro league—Turkey),Did Not Play (other pro league—Turkey),Did Not Play (other pro league—Turkey),Did Not Play (other pro league—Turkey),Did Not Play (other pro league—Turkey),Did Not Play (other pro league—Turkey),Did Not Play (other pro league—Turkey),Did Not Play (other pro league—Turkey),Did Not Play (other pro league—Turkey),Did Not Play (other pro league—Turkey)
268,Bojan Bogdanović,3,2013-14,24.0,Did Not Play (other pro league—Turkey),Did Not Play (other pro league—Turkey),Did Not Play (other pro league—Turkey),Did Not Play (other pro league—Turkey),Did Not Play (other pro league—Turkey),Did Not Play (other pro league—Turkey),Did Not Play (other pro league—Turkey),Did Not Play (other pro league—Turkey),Did Not Play (other pro league—Turkey),Did Not Play (other pro league—Turkey),Did Not Play (other pro league—Turkey),Did Not Play (other pro league—Turkey),Did Not Play (other pro league—Turkey),Did Not Play (other pro league—Turkey),Did Not Play (other pro league—Turkey),Did Not Play (other pro league—Turkey),Did Not Play (other pro league—Turkey),Did Not Play (other pro league—Turkey),Did Not Play (other pro league—Turkey),Did Not Play (other pro league—Turkey),Did Not Play (other pro league—Turkey),Did Not Play (other pro league—Turkey),Did Not Play (other pro league—Turkey),Did Not Play (other pro league—Turkey),Did Not Play (other pro league—Turkey),Did Not Play (other pro league—Turkey),Did Not Play (other pro league—Turkey),Did Not Play (other pro league—Turkey)
269,Bojan Bogdanović,4,2014-15,25.0,BRK,NBA,SF,78,28,23.8,3.3,7.4,.453,1.2,3.3,.355,2.2,4.1,.531,.532,1.1,1.4,.821,0.6,2.1,2.7,0.9,0.4,0.1,1.0,1.3,9.0
270,Bojan Bogdanović,5,2015-16,26.0,BRK,NBA,SF,79,39,26.8,4.1,9.5,.433,1.6,4.3,.382,2.5,5.2,.474,.519,1.4,1.7,.833,0.5,2.8,3.2,1.3,0.4,0.1,1.5,1.5,11.2
271,Bojan Bogdanović,6,2016-17,27.0,TOT,NBA,SF,81,54,25.7,4.6,10.4,.445,1.8,4.8,.367,2.9,5.6,.512,.530,2.7,3.0,.893,0.5,3.0,3.4,1.4,0.4,0.1,1.6,1.8,13.7
272,Bojan Bogdanović,7,2016-17,27.0,BRK,NBA,SF,55,54,26.9,4.9,11.1,.440,1.8,5.0,.357,3.1,6.1,.509,.521,2.7,3.0,.874,0.4,3.2,3.6,1.6,0.4,0.1,1.7,1.8,14.2
273,Bojan Bogdanović,8,2016-17,27.0,WAS,NBA,SF,26,0,23.1,4.1,9.0,.457,1.7,4.4,.391,2.4,4.6,.521,.553,2.7,2.9,.934,0.5,2.5,3.1,0.8,0.4,0.2,1.5,1.8,12.7
274,Bojan Bogdanović,9,2017-18,28.0,IND,NBA,SF,80,80,30.8,5.1,10.7,.474,1.9,4.8,.402,3.1,5.8,.534,.565,2.2,2.6,.868,0.4,3.0,3.4,1.5,0.7,0.1,1.3,1.6,14.3
275,Bojan Bogdanović,10,2018-19,29.0,IND,NBA,SF,81,81,31.8,6.4,13.0,.497,2.0,4.8,.425,4.4,8.2,.538,.575,3.0,3.8,.807,0.4,3.7,4.1,2.0,0.9,0.0,1.7,1.7,18.0
276,Bojan Bogdanović,11,2019-20,30.0,UTA,NBA,SF,63,63,33.1,6.6,14.8,.447,3.0,7.3,.414,3.6,7.6,.479,.548,4.0,4.4,.903,0.6,3.5,4.1,2.1,0.5,0.1,2.5,1.7,20.2
277,Bojan Bogdanović,12,2020-21,31.0,UTA,NBA,SF,72,72,30.8,5.6,12.8,.439,2.5,6.4,.390,3.1,6.4,.487,.536,3.2,3.7,.879,0.6,3.3,3.9,1.9,0.6,0.1,1.8,1.6,17.0
278,Bojan Bogdanović,13,2021-22,32.0,UTA,NBA,PF,69,69,30.9,6.1,13.4,.455,2.6,6.8,.387,3.5,6.7,.524,.552,3.2,3.8,.858,0.8,3.4,4.3,1.7,0.5,0.0,1.7,1.7,18.1
279,Bojan Bogdanović,14,2022-23,33.0,DET,NBA,PF,16,16,31.4,6.8,13.4,.505,2.8,6.6,.419,4.0,6.8,.587,.607,4.3,4.9,.872,0.4,3.1,3.5,2.2,0.5,0.0,2.1,2.0,20.5
280,Bol Bol,1,2019-20,20.0,DEN,NBA,PF,7.0,0.0,12.4,2.0,4.0,0.5,0.6,1.3,0.444,1.4,2.7,0.526,0.571,1.1,1.4,0.8,0.7,2.0,2.7,0.9,0.3,0.9,1.4,1.6,5.7
281,Bol Bol,2,2020-21,21.0,DEN,NBA,PF,32.0,2.0,5.0,0.8,1.8,0.431,0.3,0.8,0.375,0.5,1.1,0.471,0.509,0.3,0.5,0.667,0.0,0.8,0.8,0.2,0.1,0.3,0.4,0.4,2.2
282,Bol Bol,3,2021-22,22.0,DEN,NBA,PF,14.0,0.0,5.8,1.1,1.9,0.556,0.1,0.3,0.25,1.0,1.6,0.609,0.574,0.1,0.4,0.4,0.3,1.1,1.4,0.4,0.1,0.1,0.3,0.3,2.4
283,Bol Bol,4,2022-23,23.0,ORL,NBA,PF,15.0,10.0,24.7,5.1,8.1,0.623,0.8,1.9,0.414,4.3,6.2,0.688,0.672,1.7,1.9,0.862,1.5,6.3,7.9,0.7,0.2,2.0,2.2,1.6,12.6
284,Jonah Bolden,1,2018-19,23.0,PHI,NBA,PF,44.0,10.0,14.5,1.8,3.7,0.494,0.8,2.2,0.354,1.0,1.5,0.697,0.599,0.3,0.6,0.481,1.1,2.7,3.8,0.9,0.4,0.9,0.8,2.3,4.7
285,Jonah Bolden,2,2019-20,24.0,TOT,NBA,C,7.0,0.0,6.7,0.6,1.6,0.364,0.0,0.6,0.0,0.6,1.0,0.571,0.364,0.3,0.6,0.5,0.4,0.9,1.3,0.0,0.4,0.3,0.3,1.4,1.4
286,Jonah Bolden,3,2019-20,24.0,PHI,NBA,C,4.0,0.0,3.5,0.5,0.8,0.667,0.0,0.3,0.0,0.5,0.5,1.0,0.667,0.0,0.5,0.0,0.0,0.3,0.3,0.0,0.3,0.0,0.5,1.0,1.0
287,Jonah Bolden,4,2019-20,24.0,PHO,NBA,C,3.0,0.0,11.0,0.7,2.7,0.25,0.0,1.0,0.0,0.7,1.7,0.4,0.25,0.7,0.7,1.0,1.0,1.7,2.7,0.0,0.7,0.7,0.0,2.0,2.0
288,Marques Bolden,1,2019-20,21.0,CLE,NBA,C,1,0,3.0,0.0,0.0,,0.0,0.0,,0.0,0.0,,,0.0,0.0,,0.0,2.0,2.0,0.0,1.0,0.0,0.0,1.0,0.0
289,Marques Bolden,2,2020-21,22.0,CLE,NBA,C,6,0,4.8,0.2,0.5,0.333,0.0,0.0,,0.2,0.5,0.333,0.333,0.8,1.3,0.625,0.5,0.5,1.0,0.0,0.3,0.3,0.3,0.0,1.2
290,Leandro Bolmaro,1,2021-22,21.0,MIN,NBA,SF,35.0,2.0,6.9,0.5,1.5,0.315,0.1,0.5,0.278,0.3,1.0,0.333,0.361,0.3,0.4,0.846,0.5,0.8,1.2,0.6,0.2,0.0,0.4,0.7,1.4
291,Leandro Bolmaro,2,2022-23,22.0,UTA,NBA,SG,3.0,0.0,7.0,0.7,2.3,0.286,0.0,0.7,0.0,0.7,1.7,0.4,0.286,0.0,0.0,,0.3,0.0,0.3,0.7,0.7,0.3,0.7,1.3,1.3
292,Jordan Bone,1,2019-20,22.0,DET,NBA,PG,10.0,0.0,5.3,0.5,2.0,0.25,0.2,1.0,0.2,0.3,1.0,0.3,0.3,0.0,0.0,,0.0,0.4,0.4,0.8,0.1,0.0,0.2,0.6,1.2
293,Jordan Bone,2,2020-21,23.0,ORL,NBA,PG,14.0,0.0,14.0,1.6,3.9,0.426,0.7,2.3,0.313,0.9,1.6,0.591,0.519,0.0,0.0,,0.3,1.4,1.7,1.3,0.1,0.0,0.2,0.8,4.0
294,Isaac Bonga,1,2018-19,19.0,LAL,NBA,PG,22.0,0.0,5.5,0.2,1.5,0.152,0.0,0.4,0.0,0.2,1.1,0.2,0.152,0.4,0.7,0.6,0.4,0.7,1.1,0.7,0.4,0.2,0.3,0.4,0.9
295,Isaac Bonga,2,2019-20,20.0,WAS,NBA,SF,66.0,49.0,18.9,1.8,3.5,0.504,0.4,1.1,0.352,1.4,2.5,0.571,0.558,1.0,1.3,0.812,1.1,2.3,3.4,1.2,0.7,0.3,0.9,2.4,5.0
296,Isaac Bonga,3,2020-21,21.0,WAS,NBA,SF,40.0,8.0,10.8,0.8,2.0,0.37,0.3,1.2,0.277,0.4,0.9,0.5,0.451,0.1,0.2,0.625,0.5,1.2,1.7,0.6,0.3,0.2,0.6,1.6,2.0
297,Isaac Bonga,4,2021-22,22.0,TOR,NBA,SF,15.0,0.0,4.6,0.2,0.9,0.231,0.1,0.3,0.25,0.1,0.6,0.222,0.269,0.3,0.5,0.625,0.3,0.2,0.5,0.3,0.5,0.1,0.1,0.7,0.8
298,Devin Booker,1,2015-16,19.0,PHO,NBA,SG,76,51,27.7,4.8,11.4,0.423,1.3,3.8,0.343,3.5,7.6,0.464,0.48,2.8,3.4,0.84,0.4,2.1,2.5,2.6,0.6,0.3,2.1,3.0,13.8
299,Devin Booker,2,2016-17,20.0,PHO,NBA,SG,78,78,35.0,7.8,18.3,0.423,1.9,5.2,0.363,5.9,13.2,0.447,0.475,4.7,5.7,0.832,0.6,2.6,3.2,3.4,0.9,0.3,3.1,3.1,22.1
300,Devin Booker,3,2017-18,21.0,PHO,NBA,SG,54,54,34.5,8.4,19.5,0.432,2.7,7.1,0.383,5.7,12.4,0.46,0.501,5.4,6.1,0.878,0.5,4.0,4.5,4.7,0.9,0.3,3.6,3.1,24.9
301,Devin Booker,4,2018-19,22.0,PHO,NBA,SG,64,64,35.0,9.2,19.6,0.467,2.1,6.5,0.326,7.0,13.1,0.536,0.521,6.1,7.1,0.866,0.6,3.5,4.1,6.8,0.9,0.2,4.1,3.1,26.6
302,Devin Booker,5,2019-20,23.0,PHO,NBA,SG,70,70,35.9,9.0,18.3,0.489,2.0,5.7,0.354,6.9,12.6,0.549,0.544,6.7,7.3,0.919,0.4,3.8,4.2,6.5,0.7,0.3,3.8,3.0,26.6
303,Devin Booker,6,2020-21,24.0,PHO,NBA,SG,67,67,33.9,9.3,19.2,0.484,1.9,5.5,0.34,7.4,13.7,0.543,0.533,5.1,5.9,0.867,0.5,3.7,4.2,4.3,0.8,0.2,3.1,2.7,25.6
304,Devin Booker,7,2021-22,25.0,PHO,NBA,SG,68,68,34.5,9.7,20.9,0.466,2.7,7.0,0.383,7.0,13.9,0.508,0.53,4.6,5.3,0.868,0.7,4.4,5.0,4.8,1.1,0.4,2.4,2.6,26.8
305,Devin Booker,8,2022-23,26.0,PHO,NBA,SG,14,14,36.8,9.4,19.8,0.477,2.3,6.1,0.376,7.1,13.7,0.521,0.534,5.4,6.2,0.874,0.9,3.6,4.6,5.8,1.1,0.6,2.7,2.4,26.6
306,Brandon Boston Jr.,1,2021-22,20.0,LAC,NBA,SG,51,0,14.9,2.5,6.4,0.385,0.7,2.2,0.306,1.8,4.2,0.425,0.437,1.2,1.4,0.819,0.3,1.8,2.2,1.0,0.5,0.3,0.6,0.8,6.7
307,Brandon Boston Jr.,2,2022-23,21.0,LAC,NBA,SG,5,0,3.2,1.0,2.0,0.5,0.4,0.6,0.667,0.6,1.4,0.429,0.6,0.2,0.4,0.5,0.2,0.2,0.4,0.0,0.0,0.0,0.0,0.2,2.6
308,Chris Boucher,1,2017-18,25.0,GSW,NBA,PF,1.0,0.0,1.0,0.0,1.0,0.0,0.0,1.0,0.0,0.0,0.0,,0.0,0.0,0.0,,0.0,1.0,1.0,0.0,0.0,0.0,0.0,0.0,0.0
309,Chris Boucher,2,2018-19,26.0,TOR,NBA,PF,28.0,0.0,5.8,1.2,2.7,0.447,0.4,1.3,0.324,0.8,1.4,0.564,0.526,0.5,0.5,0.867,0.6,1.4,2.0,0.1,0.2,0.9,0.3,1.1,3.3
310,Chris Boucher,3,2019-20,27.0,TOR,NBA,C,62.0,0.0,13.2,2.3,4.8,0.472,0.6,1.9,0.322,1.7,2.9,0.569,0.535,1.5,1.9,0.784,1.7,2.7,4.5,0.4,0.4,1.0,0.5,1.8,6.6
311,Chris Boucher,4,2020-21,28.0,TOR,NBA,C,60.0,14.0,24.2,4.8,9.3,0.514,1.5,3.9,0.383,3.3,5.4,0.609,0.595,2.5,3.2,0.788,2.0,4.8,6.7,1.1,0.6,1.9,0.8,2.8,13.6
312,Chris Boucher,5,2021-22,29.0,TOR,NBA,SF,80.0,9.0,21.1,3.4,7.2,0.464,0.9,2.9,0.297,2.5,4.4,0.575,0.523,1.9,2.4,0.777,2.2,3.9,6.2,0.3,0.6,0.9,0.5,2.2,9.4
313,Chris Boucher,6,2022-23,30.0,TOR,NBA,PF,13.0,0.0,22.5,4.3,8.4,0.514,1.2,3.3,0.349,3.2,5.1,0.621,0.583,2.5,3.5,0.717,2.2,3.6,5.8,0.7,0.9,0.9,1.1,3.0,12.3
314,James Bouknight,1,2021-22,21.0,CHO,NBA,SG,31,0,9.8,1.6,4.5,0.348,0.5,1.6,0.347,1.0,3.0,0.348,0.408,0.9,1.0,0.871,0.7,1.0,1.7,0.8,0.2,0.0,0.5,0.9,4.6
315,James Bouknight,2,2022-23,22.0,CHO,NBA,SG,16,0,17.3,2.1,6.3,0.337,0.8,3.3,0.226,1.4,3.0,0.458,0.396,0.6,1.0,0.625,0.3,1.9,2.2,1.4,0.4,0.3,0.9,1.5,5.6
316,Brian Bowen,1,2019-20,21.0,IND,NBA,SF,6,1,5.2,0.5,1.7,0.3,0.0,0.3,0.0,0.5,1.3,0.375,0.3,0.0,0.0,,0.2,1.0,1.2,0.0,0.0,0.2,0.2,0.5,1.0
317,Brian Bowen,2,2020-21,22.0,IND,NBA,SF,6,0,2.5,0.2,0.7,0.25,0.0,0.2,0.0,0.2,0.5,0.333,0.25,0.2,0.2,1.0,0.0,0.5,0.5,0.0,0.0,0.0,0.0,0.2,0.5
318,Ky Bowman,1,2019-20,22.0,GSW,NBA,PG,45,12,22.6,3.0,7.1,0.417,0.7,2.4,0.308,2.2,4.8,0.472,0.469,0.8,0.9,0.829,0.5,2.2,2.7,2.9,1.0,0.2,1.6,2.3,7.4
319,Avery Bradley,1,2010-11,20.0,BOS,NBA,PG,31.0,0.0,5.2,0.7,2.2,0.343,0.0,0.2,0.0,0.7,2.0,0.371,0.343,0.2,0.4,0.5,0.1,0.4,0.5,0.4,0.3,0.0,0.5,0.6,1.7
320,Avery Bradley,2,2011-12,21.0,BOS,NBA,PG,64.0,28.0,21.4,3.1,6.3,0.498,0.3,0.8,0.407,2.8,5.4,0.511,0.525,1.0,1.2,0.795,0.5,1.3,1.8,1.4,0.7,0.2,1.2,1.7,7.6
321,Avery Bradley,3,2012-13,22.0,BOS,NBA,PG,50.0,50.0,28.7,3.8,9.6,0.402,0.8,2.5,0.317,3.0,7.0,0.432,0.444,0.7,1.0,0.755,0.6,1.6,2.2,2.1,1.3,0.4,1.4,2.6,9.2
322,Avery Bradley,4,2013-14,23.0,BOS,NBA,SG,60.0,58.0,30.9,6.0,13.8,0.438,1.3,3.3,0.395,4.7,10.4,0.451,0.485,1.5,1.9,0.804,0.8,3.0,3.8,1.4,1.1,0.2,1.6,2.4,14.9
323,Avery Bradley,5,2014-15,24.0,BOS,NBA,SG,77.0,77.0,31.5,5.6,13.1,0.429,1.6,4.6,0.352,4.0,8.6,0.47,0.49,1.0,1.3,0.79,0.6,2.5,3.1,1.8,1.1,0.2,1.4,2.3,13.9
324,Avery Bradley,6,2015-16,25.0,BOS,NBA,SG,76.0,72.0,33.4,6.0,13.4,0.447,1.9,5.4,0.361,4.1,8.1,0.505,0.52,1.3,1.6,0.78,0.6,2.3,2.9,2.1,1.5,0.3,1.4,2.2,15.2
325,Avery Bradley,7,2016-17,26.0,BOS,NBA,SG,55.0,55.0,33.4,6.5,14.1,0.463,2.0,5.0,0.39,4.6,9.1,0.504,0.533,1.2,1.7,0.731,1.2,4.9,6.1,2.2,1.2,0.2,1.6,2.6,16.3
326,Avery Bradley,8,2017-18,27.0,TOT,NBA,SG,46.0,46.0,31.2,5.6,13.6,0.414,1.6,4.4,0.369,4.0,9.2,0.436,0.474,1.4,1.8,0.768,0.5,2.0,2.5,2.0,1.1,0.2,2.2,2.0,14.3
327,Avery Bradley,9,2017-18,27.0,DET,NBA,SG,40.0,40.0,31.7,5.8,14.3,0.409,1.9,4.9,0.381,4.0,9.4,0.423,0.474,1.5,2.0,0.763,0.5,1.9,2.4,2.1,1.2,0.2,2.3,2.0,15.0
328,Avery Bradley,10,2017-18,27.0,LAC,NBA,SG,6.0,6.0,27.5,4.3,9.2,0.473,0.2,1.5,0.111,4.2,7.7,0.543,0.482,0.3,0.3,1.0,0.5,3.2,3.7,1.8,0.8,0.2,1.3,2.0,9.2
329,Avery Bradley,11,2018-19,28.0,TOT,NBA,SG,63.0,63.0,30.2,3.9,9.7,0.408,1.4,3.9,0.351,2.6,5.8,0.446,0.479,0.7,0.8,0.86,0.7,2.1,2.8,2.4,0.7,0.3,1.4,2.7,9.9
330,Avery Bradley,12,2018-19,28.0,LAC,NBA,SG,49.0,49.0,29.9,3.3,8.6,0.383,1.2,3.5,0.337,2.1,5.1,0.415,0.452,0.4,0.5,0.8,0.7,2.0,2.7,2.0,0.6,0.3,1.2,2.7,8.2
331,Avery Bradley,13,2018-19,28.0,MEM,NBA,SG,14.0,14.0,31.6,6.2,13.4,0.463,2.0,5.2,0.384,4.2,8.2,0.513,0.537,1.6,1.8,0.92,0.6,2.6,3.1,4.0,1.0,0.0,2.0,2.4,16.1
332,Avery Bradley,14,2019-20,29.0,LAL,NBA,SG,49.0,44.0,24.2,3.5,7.8,0.444,1.3,3.5,0.364,2.2,4.3,0.51,0.526,0.4,0.5,0.833,0.4,2.0,2.3,1.3,0.9,0.1,1.0,2.2,8.6
333,Avery Bradley,15,2020-21,30.0,TOT,NBA,SG,27.0,6.0,22.3,2.4,6.3,0.374,1.2,3.7,0.327,1.1,2.6,0.443,0.471,0.4,0.6,0.8,0.3,1.8,2.1,1.7,0.8,0.1,1.0,2.0,6.4
334,Avery Bradley,16,2020-21,30.0,MIA,NBA,SG,10.0,1.0,21.1,3.1,6.6,0.47,1.6,3.8,0.421,1.5,2.8,0.536,0.591,0.7,0.9,0.778,0.2,1.6,1.8,1.4,0.7,0.1,0.9,2.6,8.5
335,Avery Bradley,17,2020-21,30.0,HOU,NBA,SG,17.0,5.0,23.0,1.9,6.2,0.314,1.0,3.7,0.27,0.9,2.5,0.381,0.395,0.3,0.4,0.833,0.4,1.9,2.3,1.9,0.8,0.1,1.1,1.7,5.2
336,Avery Bradley,18,2021-22,31.0,LAL,NBA,SG,62.0,45.0,22.7,2.4,5.6,0.423,1.3,3.4,0.39,1.1,2.3,0.471,0.54,0.3,0.3,0.889,0.5,1.7,2.2,0.8,0.9,0.1,0.6,1.9,6.4
337,Tony Bradley,1,2017-18,20.0,UTA,NBA,C,9.0,0.0,3.2,0.3,1.2,0.273,0.0,0.1,0.0,0.3,1.1,0.3,0.273,0.2,0.2,1.0,0.4,0.8,1.2,0.1,0.0,0.0,0.0,0.1,0.9
338,Tony Bradley,2,2018-19,21.0,UTA,NBA,C,3.0,0.0,12.0,2.7,5.3,0.5,0.0,0.0,,2.7,5.3,0.5,0.5,0.3,0.7,0.5,3.0,2.0,5.0,0.3,0.7,0.7,1.0,2.0,5.7
339,Tony Bradley,3,2019-20,22.0,UTA,NBA,C,58.0,3.0,11.4,2.2,3.3,0.667,0.1,0.1,1.0,2.1,3.2,0.661,0.675,0.5,0.8,0.652,1.9,2.7,4.6,0.4,0.2,0.6,0.5,2.0,4.9
340,Tony Bradley,4,2020-21,23.0,TOT,NBA,C,42.0,8.0,16.3,3.1,4.7,0.665,0.0,0.1,0.0,3.1,4.6,0.675,0.665,0.9,1.3,0.691,2.0,3.7,5.7,0.9,0.4,0.7,0.8,1.5,7.1
341,Tony Bradley,5,2020-21,23.0,PHI,NBA,C,20.0,8.0,14.4,2.6,3.8,0.68,0.0,0.1,0.0,2.6,3.7,0.689,0.68,0.4,0.6,0.636,2.0,3.3,5.2,0.9,0.3,0.7,0.3,1.4,5.5
342,Tony Bradley,6,2020-21,23.0,OKC,NBA,C,22.0,0.0,18.0,3.6,5.5,0.656,0.0,0.1,0.0,3.6,5.5,0.667,0.656,1.4,2.0,0.705,2.1,4.0,6.1,0.9,0.4,0.8,1.2,1.5,8.7
343,Tony Bradley,7,2021-22,24.0,CHI,NBA,C,55.0,7.0,10.0,1.3,2.2,0.585,0.0,0.0,,1.3,2.2,0.585,0.585,0.3,0.5,0.655,1.2,2.2,3.4,0.5,0.2,0.6,0.6,1.1,3.0
344,Tony Bradley,8,2022-23,25.0,CHI,NBA,C,5.0,0.0,2.4,0.2,0.4,0.5,0.2,0.4,0.5,0.0,0.0,,0.75,0.4,0.4,1.0,0.2,1.0,1.2,0.0,0.0,0.0,0.0,0.0,1.0
345,Malaki Branham,1,2022-23,19.0,SAS,NBA,SF,4,2,19.5,2.0,7.0,0.286,0.8,3.8,0.2,1.3,3.3,0.385,0.339,1.3,1.5,0.833,0.5,1.8,2.3,2.0,0.3,0.0,0.8,0.8,6.0
346,Jarrell Brantley,1,2019-20,23.0,UTA,NBA,PF,9,0,10.7,1.1,3.1,0.357,0.3,1.4,0.231,0.8,1.7,0.467,0.411,0.1,0.2,0.5,0.2,2.0,2.2,1.2,0.3,0.6,0.8,0.8,2.7
347,Jarrell Brantley,2,2020-21,24.0,UTA,NBA,PF,28,0,4.9,0.9,1.9,0.481,0.4,1.0,0.429,0.5,0.9,0.542,0.596,0.1,0.1,1.0,0.3,0.6,1.0,0.5,0.3,0.1,0.3,0.6,2.3
348,Christian Braun,1,2022-23,21.0,DEN,NBA,SG,13,0,15.6,1.5,3.2,0.476,0.5,1.2,0.375,1.1,2.0,0.538,0.548,0.3,0.5,0.667,0.6,1.5,2.1,1.2,0.5,0.2,0.4,0.9,3.8
349,Ignas Brazdeikis,1,2019-20,21.0,NYK,NBA,SF,9.0,0.0,5.9,0.7,2.4,0.273,0.1,1.0,0.111,0.6,1.4,0.385,0.295,0.4,0.6,0.8,0.2,0.3,0.6,0.4,0.0,0.1,0.2,0.3,1.9
350,Ignas Brazdeikis,2,2020-21,22.0,TOT,NBA,SF,13.0,0.0,19.2,2.7,6.4,0.422,0.8,2.2,0.393,1.8,4.2,0.436,0.488,0.8,1.1,0.714,0.8,2.6,3.5,1.3,0.3,0.2,0.9,1.7,7.0
351,Ignas Brazdeikis,3,2020-21,22.0,NYK,NBA,SF,4.0,0.0,1.8,0.0,0.3,0.0,0.0,0.0,,0.0,0.3,0.0,0.0,0.5,0.5,1.0,0.3,0.3,0.5,0.3,0.0,0.0,0.3,0.0,0.5
352,Ignas Brazdeikis,4,2020-21,22.0,PHI,NBA,SF,1.0,0.0,8.0,0.0,3.0,0.0,0.0,1.0,0.0,0.0,2.0,0.0,0.0,0.0,0.0,,0.0,2.0,2.0,0.0,0.0,0.0,0.0,0.0,0.0
353,Ignas Brazdeikis,5,2020-21,22.0,ORL,NBA,SF,8.0,0.0,29.3,4.4,9.9,0.443,1.4,3.4,0.407,3.0,6.5,0.462,0.513,1.0,1.5,0.667,1.3,3.9,5.1,2.0,0.5,0.4,1.4,2.8,11.1
354,Ignas Brazdeikis,6,2021-22,23.0,ORL,NBA,SF,42.0,1.0,12.8,1.9,4.5,0.431,0.6,2.1,0.31,1.3,2.4,0.535,0.503,0.5,0.8,0.656,0.5,1.2,1.7,0.9,0.2,0.1,0.4,1.1,5.0
355,Mikal Bridges,1,2018-19,22.0,PHO,NBA,SF,82,56,29.5,3.0,6.9,0.43,1.3,3.8,0.335,1.7,3.0,0.548,0.523,1.2,1.4,0.805,0.7,2.5,3.2,2.1,1.6,0.5,0.9,2.5,8.3
356,Mikal Bridges,2,2019-20,23.0,PHO,NBA,SF,73,32,28.0,3.4,6.6,0.51,1.0,2.7,0.361,2.4,4.0,0.61,0.583,1.4,1.7,0.844,0.9,3.1,4.0,1.8,1.4,0.6,1.0,2.2,9.1
357,Mikal Bridges,3,2020-21,24.0,PHO,NBA,SF,72,72,32.6,5.0,9.3,0.543,1.9,4.4,0.425,3.2,4.9,0.647,0.643,1.5,1.8,0.84,1.1,3.2,4.3,2.1,1.1,0.9,0.8,1.6,13.5
358,Mikal Bridges,4,2021-22,25.0,PHO,NBA,SF,82,82,34.8,5.6,10.5,0.534,1.4,3.8,0.369,4.2,6.7,0.628,0.601,1.6,1.9,0.834,0.9,3.3,4.2,2.3,1.2,0.4,0.8,1.8,14.2
359,Mikal Bridges,5,2022-23,26.0,PHO,NBA,SF,14,14,37.2,6.0,10.9,0.549,1.5,3.2,0.467,4.5,7.7,0.583,0.618,2.6,2.9,0.902,1.3,4.1,5.4,3.5,1.0,0.9,1.2,2.1,16.1
360,Miles Bridges,1,2018-19,20.0,CHO,NBA,SF,80,25,21.2,3.0,6.4,0.464,0.8,2.5,0.325,2.2,3.9,0.553,0.527,0.7,1.0,0.753,0.8,3.2,4.0,1.2,0.7,0.6,0.6,1.4,7.5
361,Miles Bridges,2,2019-20,21.0,CHO,NBA,SF,65,64,30.7,4.9,11.6,0.424,1.5,4.6,0.33,3.4,7.0,0.486,0.489,1.6,2.0,0.809,1.4,4.2,5.6,1.8,0.6,0.7,1.5,2.0,13.0
362,Miles Bridges,3,2020-21,22.0,CHO,NBA,PF,66,19,29.3,4.7,9.4,0.503,1.8,4.4,0.4,3.0,5.0,0.593,0.596,1.5,1.7,0.867,1.2,4.8,6.0,2.2,0.7,0.8,1.6,2.2,12.7
363,Miles Bridges,4,2021-22,23.0,CHO,NBA,PF,80,80,35.5,7.5,15.2,0.491,1.9,5.8,0.331,5.5,9.4,0.59,0.554,3.3,4.2,0.802,1.1,5.9,7.0,3.8,0.9,0.8,1.9,2.4,20.2
364,Amida Brimah,1,2020-21,26.0,IND,NBA,C,5,0,5.8,1.0,1.6,0.625,0.0,0.0,,1.0,1.6,0.625,0.625,0.6,0.6,1.0,0.4,1.2,1.6,0.2,0.0,1.0,0.8,0.8,2.6
365,Isaiah Briscoe,1,2018-19,22.0,ORL,NBA,PG,39,0,14.3,1.4,3.5,0.399,0.3,0.9,0.324,1.1,2.7,0.423,0.438,0.4,0.7,0.577,0.1,1.8,1.9,2.2,0.3,0.1,0.8,1.7,3.5
366,Oshae Brissett,1,2019-20,21.0,TOR,NBA,SF,19.0,0.0,7.1,0.7,1.9,0.361,0.2,0.8,0.2,0.5,1.1,0.476,0.403,0.4,0.5,0.8,0.5,0.9,1.4,0.4,0.2,0.1,0.4,0.9,1.9
367,Oshae Brissett,2,2020-21,22.0,IND,NBA,SF,21.0,16.0,24.7,3.5,7.2,0.483,1.6,3.7,0.423,1.9,3.5,0.548,0.593,2.4,3.1,0.769,1.4,4.1,5.5,0.9,0.9,1.0,0.5,1.5,10.9
368,Oshae Brissett,3,2021-22,23.0,IND,NBA,SF,67.0,25.0,23.3,3.1,7.6,0.411,1.2,3.5,0.35,1.9,4.0,0.465,0.493,1.7,2.4,0.695,1.6,3.7,5.3,1.1,0.7,0.4,0.8,1.7,9.1
369,Oshae Brissett,4,2022-23,24.0,IND,NBA,SF,8.0,0.0,10.9,0.9,2.4,0.368,0.4,1.5,0.25,0.5,0.9,0.571,0.447,0.6,0.8,0.833,0.6,1.0,1.6,0.4,0.3,0.0,0.5,0.5,2.8
370,Ryan Broekhoff,1,2018-19,28.0,DAL,NBA,SG,42,0,10.8,1.4,3.0,0.452,0.9,2.2,0.409,0.5,0.8,0.576,0.603,0.4,0.5,0.789,0.2,1.3,1.5,0.5,0.1,0.1,0.4,0.8,4.0
371,Ryan Broekhoff,2,2019-20,29.0,DAL,NBA,SF,17,1,10.6,1.3,3.5,0.373,1.2,3.0,0.392,0.1,0.5,0.25,0.542,0.4,0.5,0.875,0.3,2.2,2.5,0.6,0.3,0.2,0.4,0.9,4.2
372,Malcolm Brogdon,1,2016-17,24.0,MIL,NBA,SG,75.0,28.0,26.4,3.9,8.5,0.457,1.0,2.6,0.404,2.8,5.9,0.48,0.518,1.5,1.7,0.865,0.6,2.2,2.8,4.2,1.1,0.2,1.5,1.9,10.2
373,Malcolm Brogdon,2,2017-18,25.0,MIL,NBA,PG,48.0,20.0,29.9,5.1,10.5,0.485,1.3,3.4,0.385,3.8,7.1,0.532,0.547,1.6,1.8,0.882,0.5,2.8,3.3,3.2,0.9,0.3,1.4,2.7,13.0
374,Malcolm Brogdon,3,2018-19,26.0,MIL,NBA,SG,64.0,64.0,28.6,5.9,11.7,0.505,1.6,3.8,0.426,4.3,7.9,0.544,0.575,2.2,2.4,0.928,1.0,3.5,4.5,3.2,0.7,0.2,1.4,1.6,15.6
375,Malcolm Brogdon,4,2019-20,27.0,IND,NBA,PG,54.0,54.0,30.9,6.0,13.8,0.438,1.4,4.3,0.326,4.6,9.5,0.488,0.489,3.1,3.4,0.892,0.9,4.0,4.9,7.1,0.6,0.2,2.4,1.8,16.5
376,Malcolm Brogdon,5,2020-21,28.0,IND,NBA,PG,56.0,56.0,34.5,7.9,17.5,0.453,2.6,6.7,0.388,5.3,10.8,0.493,0.527,2.7,3.2,0.864,1.0,4.2,5.3,5.9,0.9,0.3,2.1,2.0,21.2
377,Malcolm Brogdon,6,2021-22,29.0,IND,NBA,PG,36.0,36.0,33.5,6.8,15.1,0.448,1.6,5.2,0.312,5.1,9.9,0.518,0.501,4.0,4.6,0.856,0.9,4.2,5.1,5.9,0.8,0.4,2.1,2.0,19.1
378,Malcolm Brogdon,7,2022-23,30.0,BOS,NBA,PG,11.0,0.0,23.0,4.8,10.1,0.477,1.3,3.5,0.368,3.5,6.6,0.534,0.541,2.8,3.3,0.861,0.9,2.9,3.8,3.5,0.5,0.2,2.0,1.3,13.7
379,Armoni Brooks,1,2020-21,22.0,HOU,NBA,SG,20.0,5.0,26.0,3.9,9.6,0.406,3.0,7.9,0.382,0.9,1.8,0.514,0.563,0.4,0.6,0.583,0.5,2.9,3.4,1.5,0.6,0.3,1.1,1.7,11.2
380,Armoni Brooks,2,2021-22,23.0,TOT,NBA,"PG,SG",54.0,11.0,15.6,1.8,5.4,0.339,1.4,4.6,0.297,0.4,0.7,0.6,0.467,0.3,0.4,0.857,0.4,1.5,1.9,1.1,0.5,0.2,0.5,1.4,5.3
381,Armoni Brooks,3,2021-22,23.0,HOU,NBA,SG,41.0,8.0,16.8,2.1,6.1,0.347,1.6,5.2,0.3,0.6,0.9,0.605,0.474,0.4,0.5,0.842,0.3,1.7,2.0,1.2,0.5,0.2,0.6,1.5,6.2
382,Armoni Brooks,4,2021-22,23.0,TOR,NBA,PG,13.0,3.0,11.8,0.8,2.9,0.289,0.8,2.8,0.278,0.1,0.2,0.5,0.421,0.2,0.2,1.0,0.6,1.1,1.7,1.0,0.5,0.2,0.3,1.1,2.6
383,Dillon Brooks,1,2017-18,22.0,MEM,NBA,SF,82,74,28.7,4.1,9.4,0.44,1.1,3.2,0.356,3.0,6.2,0.484,0.501,1.5,2.0,0.747,0.6,2.5,3.1,1.6,0.9,0.2,1.5,2.8,11.0
384,Dillon Brooks,2,2018-19,23.0,MEM,NBA,SF,18,0,18.3,2.7,6.8,0.402,0.8,2.2,0.375,1.9,4.6,0.415,0.463,1.2,1.7,0.733,0.5,1.2,1.7,0.9,0.6,0.2,1.1,2.8,7.5
385,Dillon Brooks,3,2019-20,24.0,MEM,NBA,SG,73,73,28.9,6.0,14.6,0.407,2.0,5.6,0.358,3.9,9.0,0.438,0.476,2.2,2.8,0.808,0.9,2.4,3.3,2.1,0.9,0.4,1.7,3.8,16.2
386,Dillon Brooks,4,2020-21,25.0,MEM,NBA,SF,67,67,29.8,6.4,15.4,0.419,1.9,5.6,0.344,4.5,9.8,0.461,0.481,2.4,2.9,0.815,0.8,2.1,2.9,2.3,1.2,0.4,1.8,3.5,17.2
387,Dillon Brooks,5,2021-22,26.0,MEM,NBA,SF,32,31,27.7,7.1,16.4,0.432,1.4,4.7,0.309,5.7,11.8,0.48,0.475,2.8,3.3,0.849,0.9,2.3,3.2,2.8,1.1,0.3,1.6,3.3,18.4
388,Dillon Brooks,6,2022-23,27.0,MEM,NBA,SG,12,12,29.8,6.0,15.1,0.398,2.2,5.9,0.366,3.8,9.2,0.418,0.47,1.7,2.3,0.741,0.4,3.0,3.4,2.0,0.7,0.2,1.4,3.3,15.8
389,MarShon Brooks,1,2011-12,23.0,NJN,NBA,SG,56.0,47.0,29.4,4.9,11.4,0.428,0.8,2.7,0.313,4.1,8.8,0.463,0.465,2.0,2.6,0.764,1.3,2.3,3.6,2.3,0.9,0.3,2.1,2.1,12.6
390,MarShon Brooks,2,2012-13,24.0,BRK,NBA,SG,73.0,2.0,12.5,2.1,4.6,0.463,0.2,0.8,0.273,1.9,3.8,0.5,0.485,0.9,1.3,0.734,0.4,1.0,1.4,1.0,0.5,0.2,0.9,1.3,5.4
391,MarShon Brooks,3,2013-14,25.0,TOT,NBA,SG,35.0,0.0,9.0,1.6,3.6,0.456,0.4,0.7,0.52,1.3,2.9,0.44,0.508,0.9,1.3,0.727,0.3,1.3,1.5,0.7,0.4,0.1,0.7,0.6,4.5
392,MarShon Brooks,4,2013-14,25.0,BOS,NBA,SG,10.0,0.0,7.3,0.9,2.4,0.375,0.2,0.4,0.5,0.7,2.0,0.35,0.417,1.1,1.4,0.786,0.1,1.8,1.9,0.4,0.1,0.1,0.7,0.5,3.1
393,MarShon Brooks,5,2013-14,25.0,GSW,NBA,SG,7.0,0.0,2.1,0.7,1.9,0.385,0.0,0.3,0.0,0.7,1.6,0.455,0.385,0.4,0.6,0.75,0.1,0.6,0.7,0.0,0.1,0.0,0.0,0.0,1.9
394,MarShon Brooks,6,2013-14,25.0,LAL,NBA,SG,18.0,0.0,12.7,2.4,4.9,0.489,0.6,1.1,0.579,1.8,3.8,0.464,0.551,1.0,1.4,0.692,0.4,1.2,1.7,1.2,0.7,0.2,0.9,0.9,6.4
395,MarShon Brooks,7,2017-18,29.0,MEM,NBA,SG,7.0,1.0,27.6,7.3,14.6,0.5,2.7,4.6,0.594,4.6,10.0,0.457,0.593,2.9,3.3,0.87,1.1,1.9,3.0,3.6,1.6,0.4,2.3,0.9,20.1
396,MarShon Brooks,8,2018-19,30.0,MEM,NBA,SG,29.0,0.0,13.3,2.6,5.8,0.45,0.5,1.9,0.278,2.1,4.0,0.53,0.494,0.8,1.1,0.697,0.4,1.1,1.6,0.9,0.3,0.1,0.7,1.1,6.6
397,Bruce Brown,1,2018-19,22.0,DET,NBA,SG,74.0,56.0,19.6,1.7,4.2,0.398,0.3,1.3,0.258,1.4,3.0,0.457,0.436,0.6,0.8,0.75,0.6,1.9,2.5,1.2,0.5,0.5,0.6,2.4,4.3
398,Bruce Brown,2,2019-20,23.0,DET,NBA,PG,58.0,43.0,28.2,3.4,7.7,0.443,0.6,1.7,0.344,2.8,6.1,0.47,0.48,1.5,2.1,0.739,1.1,3.7,4.7,4.0,1.1,0.5,1.7,2.8,8.9
399,Bruce Brown,3,2020-21,24.0,BRK,NBA,PG,65.0,37.0,22.3,3.6,6.5,0.556,0.3,0.9,0.288,3.4,5.6,0.599,0.576,1.3,1.8,0.735,1.7,3.7,5.4,1.6,0.9,0.4,0.8,2.2,8.8
400,Bruce Brown,4,2021-22,25.0,BRK,NBA,SF,72.0,45.0,24.6,3.6,7.0,0.506,0.5,1.3,0.404,3.0,5.7,0.529,0.543,1.3,1.8,0.758,1.4,3.4,4.8,2.1,1.1,0.7,0.8,2.4,9.0
401,Bruce Brown,5,2022-23,26.0,DEN,NBA,PG,14.0,3.0,27.3,4.0,8.8,0.455,1.3,3.3,0.391,2.7,5.5,0.494,0.528,0.9,1.1,0.8,1.2,2.9,4.1,4.1,0.8,0.6,1.6,1.8,10.1
402,Charlie Brown Jr.,1,2019-20,22.0,ATL,NBA,SG,10.0,0.0,4.0,0.6,1.9,0.316,0.3,0.9,0.333,0.3,1.0,0.3,0.395,0.5,0.5,1.0,0.2,0.2,0.4,0.2,0.2,0.2,0.3,0.3,2.0
403,Charlie Brown Jr.,2,2020-21,23.0,OKC,NBA,SG,9.0,1.0,16.9,1.4,4.8,0.302,0.6,2.3,0.238,0.9,2.4,0.364,0.36,1.0,1.1,0.9,0.3,1.6,1.9,1.0,0.4,0.2,0.7,2.1,4.4
404,Charlie Brown Jr.,3,2021-22,24.0,TOT,NBA,SG,22.0,2.0,8.0,0.5,1.8,0.256,0.0,0.5,0.083,0.4,1.2,0.333,0.269,0.4,0.5,0.9,0.6,0.8,1.5,0.3,0.5,0.2,0.2,0.8,1.4
405,Charlie Brown Jr.,4,2021-22,24.0,DAL,NBA,SG,3.0,0.0,5.0,0.3,1.7,0.2,0.0,1.0,0.0,0.3,0.7,0.5,0.2,0.0,0.0,,0.0,0.3,0.3,0.3,0.7,0.3,0.0,0.7,0.7
406,Charlie Brown Jr.,5,2021-22,24.0,PHI,NBA,SG,19.0,2.0,8.5,0.5,1.8,0.265,0.1,0.5,0.111,0.4,1.3,0.32,0.279,0.5,0.5,0.9,0.7,0.9,1.6,0.3,0.4,0.2,0.3,0.8,1.5
407,Chaundee Brown Jr.,1,2021-22,23.0,TOT,NBA,"SF,SG",5.0,2.0,20.8,2.0,6.4,0.313,1.2,3.6,0.333,0.8,2.8,0.286,0.406,1.0,1.2,0.833,0.2,3.0,3.2,0.8,0.4,0.0,0.2,1.4,6.2
408,Chaundee Brown Jr.,2,2021-22,23.0,LAL,NBA,SF,2.0,0.0,10.5,0.5,3.5,0.143,0.0,1.5,0.0,0.5,2.0,0.25,0.143,0.0,0.0,,0.0,1.0,1.0,0.0,0.0,0.0,0.5,0.0,1.0
409,Chaundee Brown Jr.,3,2021-22,23.0,ATL,NBA,SG,3.0,2.0,27.7,3.0,8.3,0.36,2.0,5.0,0.4,1.0,3.3,0.3,0.48,1.7,2.0,0.833,0.3,4.3,4.7,1.3,0.7,0.0,0.0,2.3,9.7
410,Greg Brown III,1,2021-22,20.0,POR,NBA,SF,48,6,13.3,1.7,4.0,0.426,0.4,1.3,0.311,1.3,2.7,0.481,0.476,0.9,1.4,0.677,0.8,2.0,2.8,0.7,0.5,0.5,0.8,1.9,4.7
411,Greg Brown III,2,2022-23,21.0,POR,NBA,PF,4,0,5.5,1.3,1.8,0.714,0.0,0.0,,1.3,1.8,0.714,0.714,0.0,1.3,0.0,0.0,0.3,0.3,0.0,0.8,0.5,0.5,0.8,2.5
412,Jaylen Brown,1,2016-17,20.0,BOS,NBA,SF,78,20,17.2,2.5,5.4,0.454,0.6,1.7,0.341,1.9,3.7,0.507,0.508,1.1,1.6,0.685,0.6,2.2,2.8,0.8,0.4,0.2,0.9,1.8,6.6
413,Jaylen Brown,2,2017-18,21.0,BOS,NBA,SG,70,70,30.7,5.3,11.5,0.465,1.7,4.4,0.395,3.6,7.1,0.507,0.54,2.1,3.3,0.644,0.9,4.0,4.9,1.6,1.0,0.4,1.8,2.6,14.5
414,Jaylen Brown,3,2018-19,22.0,BOS,NBA,SG,74,25,25.9,5.0,10.7,0.465,1.3,3.7,0.344,3.7,7.0,0.529,0.525,1.8,2.7,0.658,0.9,3.4,4.2,1.4,0.9,0.4,1.3,2.5,13.0
415,Jaylen Brown,4,2019-20,23.0,BOS,NBA,SG,57,57,33.9,7.5,15.6,0.481,2.3,5.9,0.382,5.2,9.6,0.543,0.554,3.1,4.3,0.724,1.1,5.3,6.4,2.1,1.1,0.4,2.2,2.9,20.3
416,Jaylen Brown,5,2020-21,24.0,BOS,NBA,SG,58,58,34.5,9.3,19.2,0.484,2.8,7.1,0.397,6.5,12.1,0.536,0.558,3.3,4.3,0.764,1.2,4.8,6.0,3.4,1.2,0.6,2.7,2.9,24.7
417,Jaylen Brown,6,2021-22,25.0,BOS,NBA,SF,66,66,33.6,8.7,18.4,0.473,2.5,7.0,0.358,6.2,11.4,0.544,0.541,3.7,4.8,0.758,0.8,5.3,6.1,3.5,1.1,0.3,2.7,2.5,23.6
418,Jaylen Brown,7,2022-23,26.0,BOS,NBA,SF,14,14,35.8,9.5,19.4,0.489,2.2,6.8,0.326,7.3,12.6,0.576,0.546,3.9,4.8,0.821,0.9,5.8,6.6,3.2,1.0,0.4,3.1,3.0,25.1
419,Lorenzo Brown,1,2013-14,23.0,PHI,NBA,PG,26.0,0.0,8.6,1.0,3.3,0.302,0.1,1.2,0.1,0.9,2.2,0.411,0.32,0.3,0.5,0.692,0.3,0.8,1.1,1.6,0.5,0.1,0.6,0.7,2.5
420,Lorenzo Brown,2,2014-15,24.0,MIN,NBA,PG,29.0,7.0,18.9,1.8,4.2,0.426,0.2,1.0,0.214,1.6,3.2,0.489,0.451,0.4,0.7,0.632,0.5,1.9,2.4,3.1,1.0,0.2,1.0,1.7,4.2
421,Lorenzo Brown,3,2015-16,25.0,PHO,NBA,PG,8.0,0.0,7.6,1.0,3.1,0.32,0.1,1.0,0.125,0.9,2.1,0.412,0.34,0.4,0.5,0.75,0.0,0.9,0.9,1.4,0.4,0.1,1.1,0.5,2.5
422,Lorenzo Brown,4,2017-18,27.0,TOR,NBA,PG,14.0,0.0,9.9,1.0,2.4,0.412,0.1,0.9,0.167,0.9,1.6,0.545,0.441,0.1,0.1,1.0,0.1,1.0,1.1,0.9,0.4,0.0,0.2,0.5,2.3
423,Lorenzo Brown,5,2018-19,28.0,TOR,NBA,PG,26.0,0.0,8.2,0.9,2.7,0.324,0.2,1.1,0.214,0.7,1.7,0.395,0.366,0.1,0.1,1.0,0.2,1.0,1.2,1.1,0.5,0.2,0.6,0.8,2.1
424,Moses Brown,1,2019-20,20.0,POR,NBA,C,9.0,0.0,3.7,0.4,1.1,0.4,0.0,0.0,,0.4,1.1,0.4,0.4,0.3,0.9,0.375,0.3,1.2,1.6,0.1,0.1,0.1,0.3,0.8,1.2
425,Moses Brown,2,2020-21,21.0,OKC,NBA,C,43.0,32.0,21.4,3.4,6.2,0.545,0.0,0.0,,3.4,6.2,0.545,0.545,1.8,2.9,0.619,3.6,5.3,8.9,0.2,0.7,1.1,1.0,2.2,8.6
426,Moses Brown,3,2021-22,22.0,TOT,NBA,C,40.0,6.0,8.6,1.6,2.7,0.593,0.0,0.0,,1.6,2.7,0.593,0.593,1.1,1.8,0.597,1.0,2.4,3.4,0.0,0.2,0.4,0.5,1.3,4.3
427,Moses Brown,4,2021-22,22.0,DAL,NBA,C,26.0,1.0,6.5,1.0,1.9,0.54,0.0,0.0,,1.0,1.9,0.54,0.54,1.0,1.7,0.628,0.6,1.7,2.3,0.0,0.1,0.3,0.5,1.1,3.1
428,Moses Brown,5,2021-22,22.0,CLE,NBA,C,14.0,5.0,12.6,2.6,4.1,0.638,0.0,0.0,,2.6,4.1,0.638,0.638,1.1,2.1,0.552,1.6,3.6,5.3,0.0,0.3,0.5,0.4,1.8,6.4
429,Moses Brown,6,2022-23,23.0,LAC,NBA,C,9.0,0.0,4.1,1.3,1.7,0.8,0.0,0.0,,1.3,1.7,0.8,0.8,0.4,0.8,0.571,0.7,1.0,1.7,0.0,0.0,0.4,0.1,0.6,3.1
430,Sterling Brown,1,2017-18,22.0,MIL,NBA,SG,54.0,4.0,14.4,1.5,3.8,0.4,0.6,1.7,0.352,0.9,2.1,0.439,0.478,0.4,0.4,0.875,0.5,2.1,2.6,0.5,0.6,0.2,0.5,1.5,4.0
431,Sterling Brown,2,2018-19,23.0,MIL,NBA,SG,58.0,7.0,17.8,2.5,5.4,0.465,0.9,2.5,0.361,1.6,2.8,0.558,0.55,0.5,0.7,0.69,0.5,2.7,3.2,1.4,0.4,0.1,0.8,1.5,6.4
432,Sterling Brown,3,2019-20,24.0,MIL,NBA,SF,52.0,1.0,14.8,1.8,4.9,0.371,0.8,2.6,0.324,1.0,2.3,0.425,0.457,0.6,0.8,0.8,0.6,2.9,3.5,1.0,0.6,0.1,0.8,1.0,5.1
433,Sterling Brown,4,2020-21,25.0,HOU,NBA,SG,51.0,14.0,24.1,2.9,6.6,0.448,1.8,4.2,0.423,1.2,2.4,0.492,0.584,0.5,0.6,0.806,0.7,3.6,4.4,1.4,0.7,0.2,0.8,1.9,8.2
434,Sterling Brown,5,2021-22,26.0,DAL,NBA,SG,49.0,3.0,12.8,1.2,3.2,0.381,0.6,1.9,0.304,0.6,1.3,0.492,0.471,0.3,0.3,0.933,0.5,2.5,3.0,0.7,0.3,0.1,0.5,1.1,3.3
435,Troy Brown Jr.,1,2018-19,19.0,WAS,NBA,SF,52.0,10.0,14.0,1.9,4.5,0.415,0.4,1.3,0.319,1.4,3.2,0.455,0.462,0.6,0.9,0.681,0.7,2.1,2.8,1.5,0.4,0.1,0.6,1.1,4.8
436,Troy Brown Jr.,2,2019-20,20.0,WAS,NBA,SF,69.0,22.0,25.8,4.0,9.0,0.439,0.9,2.6,0.341,3.1,6.4,0.479,0.488,1.6,2.0,0.784,1.1,4.4,5.6,2.6,1.2,0.1,1.1,1.9,10.4
437,Troy Brown Jr.,3,2020-21,21.0,TOT,NBA,SF,34.0,0.0,15.4,1.8,4.2,0.431,0.6,2.1,0.314,1.2,2.2,0.541,0.507,0.4,0.6,0.714,0.6,2.5,3.1,0.9,0.3,0.2,0.6,1.4,4.7
438,Troy Brown Jr.,4,2020-21,21.0,WAS,NBA,SF,21.0,0.0,13.7,1.6,4.2,0.371,0.7,2.2,0.304,0.9,2.0,0.442,0.449,0.5,0.7,0.667,0.5,2.4,2.9,0.9,0.1,0.2,0.8,1.4,4.3
439,Troy Brown Jr.,5,2020-21,21.0,CHI,NBA,SF,13.0,0.0,18.2,2.2,4.2,0.527,0.6,1.8,0.333,1.6,2.4,0.677,0.6,0.4,0.5,0.833,0.7,2.7,3.4,0.8,0.5,0.2,0.4,1.5,5.5
440,Troy Brown Jr.,6,2021-22,22.0,CHI,NBA,SF,66.0,7.0,16.0,1.6,3.9,0.419,0.7,2.0,0.353,0.9,1.9,0.488,0.51,0.3,0.4,0.769,0.6,2.5,3.1,1.0,0.5,0.1,0.4,0.9,4.3
441,Troy Brown Jr.,7,2022-23,23.0,LAL,NBA,SF,11.0,9.0,27.5,3.7,8.4,0.446,1.3,3.9,0.326,2.5,4.5,0.551,0.522,0.7,0.7,1.0,0.9,4.2,5.1,0.8,0.8,0.0,0.9,2.0,9.5
442,Jalen Brunson,1,2018-19,22.0,DAL,NBA,PG,73.0,38.0,21.8,3.6,7.7,0.467,0.9,2.5,0.348,2.8,5.3,0.523,0.523,1.2,1.6,0.725,0.3,2.0,2.3,3.2,0.5,0.1,1.2,1.7,9.3
443,Jalen Brunson,2,2019-20,23.0,DAL,NBA,PG,57.0,16.0,17.9,3.2,6.8,0.466,0.8,2.1,0.358,2.4,4.7,0.515,0.522,1.1,1.3,0.813,0.4,2.0,2.4,3.3,0.4,0.1,1.2,1.3,8.2
444,Jalen Brunson,3,2020-21,24.0,DAL,NBA,PG,68.0,12.0,25.0,4.8,9.2,0.523,1.2,2.9,0.405,3.6,6.3,0.578,0.588,1.8,2.2,0.795,0.4,3.0,3.4,3.5,0.5,0.0,1.2,1.6,12.6
445,Jalen Brunson,4,2021-22,25.0,DAL,NBA,SG,79.0,61.0,31.9,6.4,12.8,0.502,1.2,3.2,0.373,5.2,9.6,0.545,0.549,2.3,2.7,0.84,0.5,3.4,3.9,4.8,0.8,0.0,1.6,1.9,16.3
446,Jalen Brunson,5,2022-23,26.0,NYK,NBA,PG,15.0,15.0,32.7,7.3,14.8,0.495,1.2,3.9,0.305,6.1,10.9,0.564,0.536,4.1,4.7,0.886,0.4,3.2,3.6,6.9,1.2,0.1,1.7,2.5,20.0
447,Elijah Bryant,1,2020-21,25.0,MIL,NBA,SG,1,0,32.0,6.0,13.0,0.462,1.0,5.0,0.2,5.0,8.0,0.625,0.5,3.0,3.0,1.0,2.0,4.0,6.0,3.0,0.0,1.0,4.0,4.0,16.0
448,Thomas Bryant,1,2017-18,20.0,LAL,NBA,C,15.0,0.0,4.8,0.5,1.4,0.381,0.1,0.7,0.1,0.5,0.7,0.636,0.405,0.3,0.6,0.556,0.2,0.9,1.1,0.4,0.1,0.1,0.1,0.4,1.5
449,Thomas Bryant,2,2018-19,21.0,WAS,NBA,C,72.0,53.0,20.8,4.3,7.0,0.616,0.5,1.4,0.333,3.8,5.6,0.685,0.648,1.5,1.9,0.781,1.6,4.7,6.3,1.3,0.3,0.9,0.8,1.8,10.5
450,Thomas Bryant,3,2019-20,22.0,WAS,NBA,C,46.0,36.0,24.9,5.3,9.1,0.581,0.8,2.0,0.407,4.5,7.1,0.63,0.626,1.9,2.5,0.741,2.1,5.1,7.2,1.8,0.5,1.1,1.2,2.2,13.2
451,Thomas Bryant,4,2020-21,23.0,WAS,NBA,C,10.0,10.0,27.1,5.9,9.1,0.648,0.9,2.1,0.429,5.0,7.0,0.714,0.698,1.6,2.4,0.667,1.8,4.3,6.1,1.5,0.4,0.8,1.1,3.1,14.3
452,Thomas Bryant,5,2021-22,24.0,WAS,NBA,C,27.0,9.0,16.3,2.9,5.5,0.52,0.4,1.6,0.286,2.4,3.9,0.613,0.561,1.3,1.5,0.875,1.0,3.0,4.0,0.9,0.2,0.8,0.7,1.6,7.4
453,Shaq Buchanan,1,2021-22,25.0,MEM,NBA,SG,2,0,5.0,0.5,2.0,0.25,0.0,1.0,0.0,0.5,1.0,0.5,0.25,0.0,0.0,,0.5,0.5,1.0,1.0,0.5,0.0,1.0,0.5,1.0
454,Reggie Bullock,1,2013-14,22.0,LAC,NBA,SF,43.0,0.0,9.2,1.0,2.8,0.355,0.5,1.7,0.301,0.5,1.1,0.438,0.446,0.2,0.2,0.778,0.3,1.0,1.3,0.3,0.2,0.0,0.3,0.6,2.7
455,Reggie Bullock,2,2014-15,23.0,TOT,NBA,SF,36.0,2.0,9.4,0.7,1.9,0.343,0.4,1.3,0.326,0.3,0.7,0.375,0.45,0.2,0.3,0.667,0.0,1.4,1.4,0.2,0.3,0.1,0.2,0.5,1.9
456,Reggie Bullock,3,2014-15,23.0,LAC,NBA,SF,25.0,2.0,10.5,0.9,2.2,0.426,0.6,1.6,0.385,0.3,0.6,0.533,0.565,0.2,0.2,0.8,0.0,1.6,1.6,0.2,0.4,0.1,0.2,0.7,2.6
457,Reggie Bullock,4,2014-15,23.0,PHO,NBA,SF,11.0,0.0,6.8,0.1,1.5,0.063,0.0,0.6,0.0,0.1,0.8,0.111,0.063,0.2,0.4,0.5,0.1,0.8,0.9,0.2,0.1,0.2,0.2,0.2,0.4
458,Reggie Bullock,5,2015-16,24.0,DET,NBA,SF,37.0,0.0,11.6,1.2,2.6,0.439,0.6,1.4,0.415,0.6,1.2,0.467,0.551,0.4,0.4,0.933,0.4,1.5,1.8,0.7,0.3,0.1,0.2,0.8,3.3
459,Reggie Bullock,6,2016-17,25.0,DET,NBA,SF,31.0,5.0,15.1,1.7,4.1,0.422,0.9,2.4,0.384,0.8,1.8,0.473,0.531,0.2,0.2,0.714,0.4,1.6,2.1,0.9,0.6,0.1,0.3,0.7,4.5
460,Reggie Bullock,7,2017-18,26.0,DET,NBA,SF,62.0,52.0,27.9,4.3,8.8,0.489,2.0,4.5,0.445,2.3,4.3,0.536,0.603,0.6,0.8,0.796,0.4,2.0,2.5,1.5,0.8,0.2,0.8,1.1,11.3
461,Reggie Bullock,8,2018-19,27.0,TOT,NBA,SG,63.0,60.0,29.8,3.9,9.4,0.412,2.3,6.2,0.377,1.5,3.2,0.483,0.537,1.2,1.3,0.859,0.3,2.4,2.7,2.0,0.6,0.2,1.0,1.7,11.3
462,Reggie Bullock,9,2018-19,27.0,DET,NBA,SG,44.0,44.0,30.8,4.1,10.0,0.413,2.6,6.7,0.388,1.5,3.3,0.463,0.542,1.3,1.5,0.875,0.5,2.3,2.8,2.5,0.5,0.1,1.2,1.8,12.1
463,Reggie Bullock,10,2018-19,27.0,LAL,NBA,SG,19.0,16.0,27.6,3.3,8.1,0.412,1.8,5.2,0.343,1.5,2.8,0.537,0.523,0.9,1.1,0.81,0.1,2.5,2.6,1.1,0.8,0.4,0.6,1.6,9.3
464,Reggie Bullock,11,2019-20,28.0,NYK,NBA,SG,29.0,19.0,23.6,3.1,7.7,0.402,1.3,3.8,0.333,1.8,3.9,0.469,0.484,0.6,0.7,0.81,0.4,1.9,2.3,1.4,0.9,0.1,0.7,1.9,8.1
465,Reggie Bullock,12,2020-21,29.0,NYK,NBA,SF,65.0,64.0,30.0,3.8,8.6,0.442,2.5,6.1,0.41,1.3,2.5,0.521,0.587,0.8,0.8,0.909,0.2,3.2,3.4,1.5,0.8,0.2,0.7,2.2,10.9
466,Reggie Bullock,13,2021-22,30.0,DAL,NBA,SF,68.0,37.0,28.0,3.0,7.4,0.401,2.1,5.8,0.36,0.9,1.6,0.55,0.542,0.6,0.7,0.833,0.5,3.1,3.5,1.2,0.6,0.2,0.6,1.6,8.6
467,Reggie Bullock,14,2022-23,31.0,DAL,NBA,SF,14.0,14.0,29.1,1.6,5.6,0.295,1.4,4.6,0.292,0.3,0.9,0.308,0.417,0.3,0.5,0.571,0.6,2.4,2.9,0.9,1.0,0.1,0.5,2.9,4.9
468,Trey Burke,1,2013-14,21.0,UTA,NBA,PG,70.0,68.0,32.3,4.9,12.8,0.38,1.6,4.8,0.33,3.3,8.0,0.41,0.442,1.5,1.6,0.903,0.5,2.4,3.0,5.7,0.6,0.1,1.9,2.1,12.8
469,Trey Burke,2,2014-15,22.0,UTA,NBA,PG,76.0,43.0,30.1,4.9,13.2,0.368,1.6,5.1,0.318,3.2,8.1,0.4,0.43,1.4,1.9,0.752,0.4,2.3,2.7,4.3,0.9,0.2,1.6,1.6,12.8
470,Trey Burke,3,2015-16,23.0,UTA,NBA,PG,64.0,0.0,21.3,4.1,9.9,0.413,1.4,4.0,0.344,2.7,5.9,0.46,0.483,1.0,1.3,0.817,0.3,1.5,1.8,2.3,0.5,0.1,1.3,1.3,10.6
471,Trey Burke,4,2016-17,24.0,WAS,NBA,PG,57.0,0.0,12.3,2.0,4.5,0.455,0.5,1.2,0.443,1.5,3.2,0.459,0.516,0.4,0.5,0.759,0.1,0.7,0.8,1.8,0.2,0.1,0.8,0.9,5.0
472,Trey Burke,5,2017-18,25.0,NYK,NBA,PG,36.0,9.0,21.8,5.4,10.7,0.503,1.1,2.9,0.362,4.3,7.8,0.556,0.552,1.0,1.6,0.649,0.4,1.6,2.0,4.7,0.7,0.1,1.2,1.2,12.8
473,Trey Burke,6,2018-19,26.0,TOT,NBA,PG,58.0,8.0,19.4,4.1,9.4,0.431,1.0,2.7,0.352,3.1,6.7,0.463,0.482,1.8,2.1,0.831,0.5,1.2,1.7,2.7,0.6,0.1,0.8,1.0,10.9
474,Trey Burke,7,2018-19,26.0,NYK,NBA,PG,33.0,7.0,20.9,4.5,10.8,0.413,0.9,2.6,0.349,3.6,8.2,0.434,0.455,1.9,2.3,0.827,0.5,1.4,1.9,2.8,0.6,0.2,0.9,1.0,11.8
475,Trey Burke,8,2018-19,26.0,DAL,NBA,PG,25.0,1.0,17.4,3.5,7.6,0.463,1.0,2.9,0.356,2.5,4.7,0.53,0.532,1.6,2.0,0.837,0.5,1.0,1.5,2.6,0.5,0.1,0.8,1.0,9.7
476,Trey Burke,9,2019-20,27.0,TOT,NBA,PG,33.0,1.0,15.8,2.8,6.3,0.45,1.0,2.3,0.427,1.9,4.1,0.463,0.526,0.7,0.9,0.793,0.5,1.0,1.5,2.5,0.5,0.1,0.6,1.0,7.4
477,Trey Burke,10,2019-20,27.0,PHI,NBA,PG,25.0,0.0,13.2,2.4,5.1,0.465,0.6,1.5,0.421,1.7,3.6,0.483,0.528,0.5,0.7,0.722,0.6,0.8,1.4,2.1,0.3,0.0,0.5,0.8,5.9
478,Trey Burke,11,2019-20,27.0,DAL,NBA,PG,8.0,1.0,23.9,4.4,10.3,0.427,2.0,4.6,0.432,2.4,5.6,0.422,0.524,1.3,1.4,0.909,0.1,1.8,1.9,3.8,1.1,0.1,1.1,1.5,12.0
479,Trey Burke,12,2020-21,28.0,DAL,NBA,PG,62.0,1.0,14.7,2.4,5.7,0.428,0.9,2.6,0.354,1.5,3.0,0.492,0.51,0.8,0.9,0.895,0.2,0.7,0.9,1.3,0.6,0.1,0.5,1.0,6.6
480,Trey Burke,13,2021-22,29.0,DAL,NBA,PG,42.0,0.0,10.5,2.0,5.1,0.391,0.6,2.0,0.317,1.4,3.2,0.436,0.451,0.5,0.5,0.87,0.1,0.7,0.8,1.4,0.3,0.0,0.6,0.9,5.1
481,Alec Burks,1,2011-12,20.0,UTA,NBA,SG,59.0,0.0,15.9,2.6,6.1,0.429,0.3,0.8,0.333,2.3,5.3,0.442,0.45,1.8,2.4,0.727,1.0,1.3,2.2,0.9,0.5,0.1,0.9,1.4,7.2
482,Alec Burks,2,2012-13,21.0,UTA,NBA,SG,64.0,0.0,17.8,2.5,6.1,0.42,0.5,1.4,0.359,2.0,4.6,0.439,0.463,1.4,2.0,0.713,0.6,1.7,2.3,1.4,0.5,0.2,1.2,1.8,7.0
483,Alec Burks,3,2013-14,22.0,UTA,NBA,SG,78.0,12.0,28.1,4.9,10.7,0.457,0.6,1.8,0.35,4.2,8.8,0.48,0.487,3.6,4.8,0.748,0.8,2.5,3.3,2.7,0.9,0.2,1.9,2.4,14.0
484,Alec Burks,4,2014-15,23.0,UTA,NBA,SG,27.0,27.0,33.3,4.5,11.1,0.403,1.0,2.5,0.382,3.5,8.6,0.409,0.447,3.9,4.8,0.822,0.7,3.5,4.2,3.0,0.6,0.2,1.9,2.4,13.9
485,Alec Burks,5,2015-16,24.0,UTA,NBA,SG,31.0,3.0,25.7,4.4,10.8,0.41,1.0,2.5,0.405,3.4,8.2,0.412,0.458,3.4,4.5,0.752,0.5,3.0,3.5,2.0,0.6,0.1,1.6,2.3,13.3
486,Alec Burks,6,2016-17,25.0,UTA,NBA,SG,42.0,0.0,15.5,2.4,5.9,0.399,0.6,1.8,0.329,1.8,4.1,0.43,0.45,1.4,1.9,0.769,0.4,2.5,2.9,0.7,0.4,0.1,0.8,1.2,6.7
487,Alec Burks,7,2017-18,26.0,UTA,NBA,SG,64.0,1.0,16.5,2.7,6.5,0.411,0.7,2.2,0.331,1.9,4.3,0.452,0.467,1.7,1.9,0.863,0.3,2.7,3.0,1.0,0.6,0.1,0.9,1.2,7.7
488,Alec Burks,8,2018-19,27.0,TOT,NBA,SG,64.0,24.0,21.5,3.0,7.4,0.405,1.0,2.6,0.363,2.0,4.8,0.428,0.469,1.8,2.2,0.823,0.5,3.2,3.7,2.0,0.6,0.3,1.0,1.4,8.8
489,Alec Burks,9,2018-19,27.0,UTA,NBA,SG,17.0,0.0,15.8,2.8,6.7,0.412,0.9,2.5,0.372,1.8,4.2,0.437,0.482,1.9,2.2,0.868,0.1,1.5,1.6,1.2,0.4,0.2,0.9,1.3,8.4
490,Alec Burks,10,2018-19,27.0,CLE,NBA,SG,34.0,24.0,28.8,4.0,10.0,0.4,1.3,3.5,0.378,2.7,6.5,0.412,0.466,2.3,2.9,0.806,0.8,4.7,5.5,2.9,0.7,0.5,1.4,1.8,11.6
491,Alec Burks,11,2018-19,27.0,SAC,NBA,SG,13.0,0.0,9.8,0.7,1.5,0.45,0.0,0.5,0.0,0.7,1.1,0.643,0.45,0.3,0.4,0.8,0.2,1.5,1.7,0.8,0.6,0.1,0.3,0.5,1.7
492,Alec Burks,12,2019-20,28.0,TOT,NBA,"SF,SG",66.0,19.0,26.6,4.9,11.6,0.418,1.8,4.6,0.385,3.1,7.1,0.439,0.493,3.6,4.0,0.887,0.7,3.5,4.3,2.9,0.9,0.3,1.4,1.9,15.0
493,Alec Burks,13,2019-20,28.0,GSW,NBA,SF,48.0,18.0,29.0,5.1,12.5,0.406,1.8,4.7,0.375,3.3,7.9,0.424,0.476,4.2,4.7,0.897,0.8,3.9,4.7,3.1,1.0,0.4,1.6,2.2,16.1
494,Alec Burks,14,2019-20,28.0,PHI,NBA,SG,18.0,1.0,20.2,4.3,9.3,0.461,1.8,4.3,0.416,2.5,5.0,0.5,0.557,1.9,2.3,0.829,0.6,2.5,3.1,2.1,0.7,0.0,0.8,1.2,12.2
495,Alec Burks,15,2020-21,29.0,NYK,NBA,SG,49.0,5.0,25.6,4.3,10.2,0.42,2.1,5.0,0.415,2.2,5.2,0.425,0.522,2.1,2.4,0.856,0.4,4.2,4.6,2.2,0.6,0.3,1.0,2.1,12.7
496,Alec Burks,16,2021-22,30.0,NYK,NBA,SG,81.0,44.0,28.6,3.5,9.0,0.391,1.9,4.8,0.404,1.6,4.2,0.378,0.499,2.7,3.3,0.822,0.6,4.3,4.9,3.0,1.0,0.3,1.1,2.7,11.7
497,Alec Burks,17,2022-23,31.0,DET,NBA,SG,3.0,0.0,20.0,3.7,8.3,0.44,1.0,3.3,0.3,2.7,5.0,0.533,0.5,4.3,5.7,0.765,0.0,2.0,2.0,1.7,0.7,0.0,0.7,2.3,12.7
498,Deonte Burton,1,2018-19,25.0,OKC,NBA,SG,32,0,7.5,1.0,2.6,0.402,0.3,0.8,0.296,0.8,1.7,0.455,0.451,0.3,0.4,0.667,0.1,0.8,0.9,0.3,0.2,0.3,0.3,1.0,2.6
499,Deonte Burton,2,2019-20,26.0,OKC,NBA,SF,39,0,9.1,1.1,3.2,0.344,0.3,1.4,0.189,0.8,1.8,0.458,0.384,0.2,0.4,0.571,0.2,1.3,1.5,0.4,0.2,0.3,0.5,0.9,2.7
500,Jared Butler,1,2021-22,21.0,UTA,NBA,SG,42,1,8.6,1.5,3.6,0.404,0.7,2.1,0.318,0.8,1.5,0.524,0.497,0.3,0.4,0.688,0.1,1.0,1.1,1.5,0.4,0.2,0.8,1.1,3.8
501,Jimmy Butler,1,2011-12,22.0,CHI,NBA,SG,42.0,0.0,8.5,0.8,1.9,0.405,0.0,0.3,0.182,0.7,1.6,0.441,0.418,1.0,1.3,0.768,0.5,0.8,1.3,0.3,0.3,0.1,0.3,0.5,2.6
502,Jimmy Butler,2,2012-13,23.0,CHI,NBA,SF,82.0,20.0,26.0,2.9,6.2,0.467,0.5,1.3,0.381,2.4,5.0,0.489,0.506,2.3,2.8,0.803,1.7,2.3,4.0,1.4,1.0,0.4,0.8,1.2,8.6
503,Jimmy Butler,3,2013-14,24.0,CHI,NBA,SG,67.0,67.0,38.7,4.1,10.3,0.397,1.0,3.6,0.283,3.1,6.8,0.457,0.446,3.9,5.0,0.769,1.3,3.6,4.9,2.6,1.9,0.5,1.5,1.6,13.1
504,Jimmy Butler,4,2014-15,25.0,CHI,NBA,SG,65.0,65.0,38.7,6.5,14.0,0.462,1.1,3.0,0.378,5.4,11.1,0.484,0.502,5.9,7.1,0.834,1.8,4.1,5.8,3.3,1.8,0.6,1.4,1.7,20.0
505,Jimmy Butler,5,2015-16,26.0,CHI,NBA,SG,67.0,67.0,36.9,7.0,15.4,0.454,1.0,3.1,0.312,6.1,12.4,0.489,0.485,5.9,7.1,0.832,1.2,4.2,5.3,4.8,1.6,0.6,2.0,1.9,20.9
506,Jimmy Butler,6,2016-17,27.0,CHI,NBA,SF,76.0,75.0,37.0,7.5,16.5,0.455,1.2,3.3,0.367,6.3,13.2,0.477,0.492,7.7,8.9,0.865,1.7,4.5,6.2,5.5,1.9,0.4,2.1,1.5,23.9
507,Jimmy Butler,7,2017-18,28.0,MIN,NBA,SG,59.0,59.0,36.7,7.4,15.6,0.474,1.2,3.4,0.35,6.2,12.2,0.509,0.512,6.2,7.2,0.854,1.3,4.0,5.3,4.9,2.0,0.4,1.8,1.3,22.2
508,Jimmy Butler,8,2018-19,29.0,TOT,NBA,"SF,SG",65.0,65.0,33.6,6.4,13.9,0.462,1.0,3.0,0.347,5.4,10.9,0.494,0.499,4.8,5.6,0.855,1.9,3.4,5.3,4.0,1.9,0.6,1.5,1.7,18.7
509,Jimmy Butler,9,2018-19,29.0,MIN,NBA,SG,10.0,10.0,36.1,7.4,15.7,0.471,1.7,4.5,0.378,5.7,11.2,0.509,0.525,4.8,6.1,0.787,1.6,3.6,5.2,4.3,2.4,1.0,1.4,1.8,21.3
510,Jimmy Butler,10,2018-19,29.0,PHI,NBA,SF,55.0,55.0,33.2,6.3,13.6,0.461,0.9,2.7,0.338,5.3,10.9,0.491,0.494,4.8,5.5,0.868,1.9,3.4,5.3,4.0,1.8,0.5,1.5,1.7,18.2
511,Jimmy Butler,11,2019-20,30.0,MIA,NBA,SF,58.0,58.0,33.8,5.9,13.1,0.455,0.5,2.1,0.244,5.4,11.0,0.495,0.474,7.6,9.1,0.834,1.8,4.8,6.7,6.0,1.8,0.6,2.2,1.4,19.9
512,Jimmy Butler,12,2020-21,31.0,MIA,NBA,SF,52.0,52.0,33.6,7.0,14.2,0.497,0.5,2.0,0.245,6.6,12.2,0.538,0.514,6.9,8.0,0.863,1.8,5.1,6.9,7.1,2.1,0.3,2.1,1.4,21.5
513,Jimmy Butler,13,2021-22,32.0,MIA,NBA,SF,57.0,57.0,33.9,7.0,14.5,0.48,0.5,2.0,0.233,6.5,12.5,0.52,0.496,6.9,8.0,0.87,1.8,4.1,5.9,5.5,1.6,0.5,2.1,1.5,21.4
514,Jimmy Butler,14,2022-23,33.0,MIA,NBA,SF,13.0,13.0,35.7,6.5,13.5,0.483,0.8,2.4,0.355,5.7,11.2,0.51,0.514,7.0,7.8,0.901,2.0,4.6,6.6,6.1,1.8,0.2,1.7,1.6,20.9
515,John Butler,1,2022-23,20.0,POR,NBA,C,1,0,9.0,1.0,2.0,0.5,0.0,1.0,0.0,1.0,1.0,1.0,0.5,0.0,0.0,,0.0,1.0,1.0,0.0,0.0,1.0,0.0,0.0,2.0
